Games,Win Rate,KDA,Avg Kills,Avg Deaths,Avg Assists,CSM,GPM,KP%,DMG%,DPM,VSPM,Avg WPM,Avg WCPM,Avg VWPM,GD@15,CSD@15,XPD@15,FB%,FB Victim,Penta Kills,Solo Kills
129,0.667,3.6,2.8,2.4,5.9,8.2,400,0.5720000000000001,0.22399999999999998,469,1.05,0.39,0.21,0.14,137,4,5,0.085,0.10099999999999999,0,24
26,0.423,1.8,1.9,3.4,4.1,7.8,365,0.578,0.262,424,1.02,0.49,0.17,0.2,-483,-6,-245,0.077,0.308,0,5
21,0.47600000000000003,2.3,1.6,3.1,5.6,7.2,341,0.618,0.212,359,0.69,0.46,0.15,0.15,-631,0,311,0.048,0.0,0,0
45,0.489,2.5,1.7,3.0,5.7,7.3,359,0.5660000000000001,0.22899999999999998,435,1.1,0.52,0.19,0.22,136,4,62,0.244,0.111,0,15
17,0.353,2.2,2.2,3.8,6.3,6.6,341,0.675,0.207,452,1.39,0.49,0.21,0.19,-356,-10,-317,0.17600000000000002,0.0,0,0
2,0.0,6.3,4.0,1.5,5.5,8.0,401,0.525,0.225,451,0.76,0.4,0.1,0.1,-578,-13,250,0.0,0.0,0,0
61,0.574,2.9,2.0,2.3,4.8,7.7,365,0.614,0.21899999999999997,376,1.05,0.42,0.22,0.18,43,2,103,0.16399999999999998,0.16399999999999998,0,13
17,0.47100000000000003,1.8,2.2,4.2,5.5,6.9,342,0.502,0.222,450,1.07,0.46,0.17,0.15,-360,-3,-450,0.0,0.11800000000000001,0,2
32,0.531,2.5,2.2,3.1,5.7,7.0,361,0.493,0.207,401,0.78,0.38,0.09,0.1,-77,-4,-141,0.094,0.125,0,11
65,0.6459999999999999,3.8,2.7,2.4,6.4,7.8,398,0.564,0.19699999999999998,391,0.96,0.42,0.14,0.18,303,9,300,0.24600000000000002,0.046,0,16
32,0.094,1.3,1.8,3.6,3.0,7.2,336,0.467,0.201,341,1,0.39,0.09,0.15,-1049,-12,-1353,0.0,0.0,0,0
33,0.273,2.2,2.4,2.8,3.7,9.0,412,0.539,0.251,444,0.95,0.46,0.12,0.14,353,17,372,0.03,0.152,0,6
48,0.5,3.4,2.6,2.0,4.4,8.2,394,0.598,0.235,451,1.03,0.46,0.14,0.15,436,14,175,0.292,0.22899999999999998,0,15
48,0.521,3.4,2.6,2.4,5.8,7.0,355,0.604,0.193,341,0.97,0.4,0.17,0.19,-222,-8,212,0.146,0.021,0,3
29,0.31,2.2,2.0,3.1,4.9,7.1,343,0.521,0.19699999999999998,405,0.77,0.42,0.08,0.17,-103,3,21,0.207,0.069,0,9
1,0.0,1.8,0.0,5.0,9.0,3.3,236,0.643,0.094,195,0.61,0.36,0.06,0.06,-1083,-57,-1146,0.0,0.0,0,0
7,0.429,3,1.7,2.3,5.1,8.1,369,0.474,0.183,320,0.87,0.33,0.14,0.12,-285,0,-131,0.14300000000000002,0.0,0,0
16,0.375,1.6,0.9,2.9,3.8,7.1,323,0.5670000000000001,0.184,278,0.82,0.42,0.14,0.21,-506,-12,-229,0.125,0.0,0,2
12,0.0,1.3,1.8,3.7,3.0,6.8,325,0.551,0.209,320,0.92,0.43,0.13,0.15,-696,-19,-668,0.16699999999999998,0.0,0,2
58,0.603,4.1,3.2,2.2,5.8,7.9,395,0.622,0.22699999999999998,422,1.06,0.52,0.15,0.19,394,4,235,0.32799999999999996,0.138,0,26
19,0.42100000000000004,2.1,1.7,2.4,3.4,7.2,342,0.364,0.18600000000000003,302,0.9,0.42,0.13,0.16,-528,-6,-233,0.105,0.21100000000000002,0,0
13,0.462,2.8,3.3,2.4,3.4,6.5,364,0.473,0.235,408,0.83,0.34,0.13,0.05,216,0,264,0.462,0.154,0,9
8,0.125,1.2,1.9,3.5,2.3,6.7,321,0.519,0.16699999999999998,232,0.73,0.34,0.1,0.14,-1172,-17,-410,0.0,0.125,0,1
7,0.429,2,1.3,3.3,5.1,6.7,334,0.498,0.159,282,1.16,0.62,0.13,0.29,-535,-20,-596,0.0,0.14300000000000002,0,0
50,0.42,3,3.1,2.6,5.0,7.3,363,0.616,0.21899999999999997,383,1.06,0.47,0.19,0.2,16,-2,71,0.22,0.08,0,19
44,0.5,2.6,1.5,2.3,4.5,7.0,340,0.46,0.19,352,0.9,0.45,0.11,0.17,-219,-8,-138,0.114,0.114,0,4
56,0.804,4,3.3,2.3,5.9,7.3,389,0.5,0.18600000000000003,422,0.86,0.41,0.13,0.12,399,1,152,0.214,0.018000000000000002,0,25
24,0.542,2.1,2.5,3.3,4.3,7.7,379,0.546,0.222,431,0.9,0.38,0.11,0.11,-221,0,-118,0.33299999999999996,0.25,0,13
16,0.43799999999999994,3,2.5,2.6,5.3,6.9,360,0.513,0.20199999999999999,387,0.77,0.33,0.13,0.08,284,10,-10,0.188,0.0,0,2
86,0.64,2.5,3.2,4.0,6.8,7.1,392,0.5760000000000001,0.24,529,0.79,0.35,0.12,0.13,284,4,-97,0.198,0.14,0,39
76,0.6970000000000001,3.8,1.9,2.2,6.4,7.5,369,0.55,0.18600000000000003,375,1.01,0.5,0.17,0.21,-13,3,199,0.21100000000000002,0.092,0,9
9,0.222,1.8,1.4,4.0,5.7,6.0,308,0.5,0.171,294,1.05,0.46,0.2,0.22,-708,-18,-279,0.222,0.111,0,1
97,0.5670000000000001,2.7,3.3,3.2,5.1,8.1,406,0.579,0.23800000000000002,480,0.84,0.36,0.14,0.14,376,6,299,0.165,0.18600000000000003,1,33
49,0.429,2.9,2.0,2.3,4.7,7.4,352,0.564,0.21100000000000002,351,1.09,0.52,0.13,0.19,-147,2,1,0.22399999999999998,0.08199999999999999,0,9
71,0.5770000000000001,3.1,2.5,2.5,5.3,7.3,372,0.5529999999999999,0.20199999999999999,371,0.99,0.43,0.18,0.18,92,2,95,0.16899999999999998,0.07,0,16
23,0.435,2,2.5,4.0,5.7,6.5,342,0.5539999999999999,0.24600000000000002,450,0.92,0.41,0.13,0.1,-389,-17,-186,0.391,0.087,0,14
21,0.47600000000000003,2.5,3.5,3.5,5.1,7.3,370,0.552,0.179,365,0.92,0.46,0.1,0.17,-401,-5,-152,0.14300000000000002,0.14300000000000002,1,9
46,0.522,3.3,4.0,2.9,5.5,7.8,403,0.585,0.249,513,0.93,0.41,0.1,0.15,692,13,481,0.304,0.13,0,33
27,0.63,3,2.4,2.9,6.2,7.0,355,0.609,0.221,400,1.03,0.46,0.15,0.15,-180,-4,-102,0.222,0.111,0,5
82,0.415,2,2.8,3.3,3.6,8.0,383,0.552,0.248,433,0.87,0.37,0.16,0.12,14,5,-62,0.085,0.061,0,18
1,1.0,3,1.0,2.0,5.0,8.4,375,0.6,0.23399999999999999,348,1.13,0.46,0.12,0.15,-217,-8,-252,0.0,0.0,0,0
77,0.532,3.3,2.7,2.4,5.1,7.6,376,0.633,0.249,448,1.04,0.52,0.15,0.26,250,-0,-31,0.364,0.13,0,19
18,0.444,2.5,4.6,3.6,4.3,8.5,417,0.624,0.302,555,0.78,0.35,0.14,0.08,215,14,-112,0.5,0.111,1,14
23,0.348,2,2.5,3.3,4.3,7.2,354,0.598,0.19699999999999998,324,0.89,0.31,0.21,0.16,-363,-7,-376,0.391,0.043,0,9
15,0.6,2.4,1.8,2.7,4.6,7.3,365,0.455,0.22399999999999998,387,0.98,0.44,0.18,0.2,-43,-6,-15,0.2,0.2,0,2
67,0.597,2.6,2.7,3.2,5.6,7.4,378,0.618,0.23399999999999999,431,1,0.48,0.15,0.22,-79,-6,4,0.22399999999999998,0.149,0,28
11,0.273,1.6,2.6,4.8,5.3,6.5,335,0.5579999999999999,0.233,450,0.88,0.43,0.1,0.13,-464,-15,-118,0.091,0.273,0,4
5,0.0,1.8,1.6,3.8,5.2,8.7,381,0.612,0.217,407,0.98,0.43,0.19,0.15,102,19,369,0.6,0.0,0,0
13,0.615,3.5,2.2,2.8,7.4,6.6,346,0.642,0.191,372,0.73,0.32,0.09,0.07,-254,-2,32,0.0,0.231,0,4
36,0.25,2.1,1.6,2.6,3.8,7.3,346,0.583,0.20800000000000002,329,0.98,0.5,0.14,0.25,-149,-0,48,0.111,0.16699999999999998,0,7
107,0.645,4.6,2.8,1.7,5.3,8.3,396,0.63,0.22899999999999998,418,1.03,0.43,0.2,0.17,63,-2,46,0.23399999999999999,0.131,0,45
14,0.28600000000000003,1.2,1.4,4.3,3.8,6.5,320,0.5429999999999999,0.21600000000000003,377,0.94,0.44,0.15,0.13,-580,-18,-762,0.28600000000000003,0.071,0,1
37,0.757,3.5,2.8,2.3,5.5,7.7,382,0.638,0.24,435,1.08,0.45,0.21,0.2,231,6,182,0.10800000000000001,0.162,0,9
30,0.2,2.1,2.4,3.2,4.3,7.7,366,0.63,0.23199999999999998,384,0.85,0.42,0.12,0.13,-177,-7,-308,0.3,0.133,0,7
64,0.516,3.3,2.8,2.3,4.8,7.4,372,0.5710000000000001,0.203,374,0.92,0.35,0.15,0.13,88,2,114,0.21899999999999997,0.109,0,24
3,0.667,5,1.3,1.0,3.7,9.7,411,0.397,0.257,467,1.69,0.5,0.46,0.18,880,26,550,0.0,0.33299999999999996,0,1
66,0.53,2.1,2.8,3.5,4.4,7.6,389,0.544,0.221,415,0.91,0.44,0.16,0.14,193,1,-84,0.242,0.106,0,31
20,0.65,3.5,4.6,2.6,4.6,7.9,421,0.5529999999999999,0.244,539,1.08,0.48,0.19,0.18,341,12,83,0.15,0.05,0,12
1,0.0,1,2.0,3.0,1.0,5.2,280,0.6,0.19699999999999998,323,0.22,0.22,0,0,-1836,-64,-1892,0.0,1.0,0,0
30,0.4,2.6,2.2,2.7,4.9,7.5,357,0.532,0.21600000000000003,383,0.9,0.43,0.16,0.11,-759,-4,-372,0.033,0.033,0,0
64,0.359,1.8,2.2,3.2,3.7,7.6,360,0.5870000000000001,0.24100000000000002,405,1.07,0.52,0.22,0.26,-110,-3,-172,0.125,0.188,0,12
98,0.49,3,2.4,2.5,5.1,7.7,370,0.583,0.233,417,0.99,0.5,0.12,0.2,144,4,130,0.040999999999999995,0.071,0,5
17,0.235,1.6,2.0,2.8,2.5,6.6,322,0.514,0.22699999999999998,353,0.93,0.36,0.12,0.09,-256,-11,103,0.11800000000000001,0.235,0,5
40,0.45,2.8,2.2,2.3,4.1,8.0,387,0.601,0.23800000000000002,405,0.86,0.44,0.12,0.15,-133,-2,-124,0.2,0.2,0,7
9,0.222,1.5,2.8,4.0,3.3,6.6,342,0.539,0.20800000000000002,382,0.76,0.39,0.1,0.15,-790,-21,-715,0.222,0.111,1,2
41,0.488,3.5,3.3,2.2,4.7,7.8,397,0.652,0.24600000000000002,475,0.97,0.48,0.12,0.2,505,8,303,0.317,0.024,0,11
14,0.28600000000000003,2.1,2.9,3.1,3.6,7.9,367,0.7440000000000001,0.281,456,0.91,0.44,0.17,0.12,331,12,478,0.28600000000000003,0.214,0,6
14,0.28600000000000003,2.4,2.6,3.0,4.6,7.4,355,0.624,0.26,408,0.78,0.37,0.13,0.12,-190,-2,-75,0.214,0.14300000000000002,0,4
61,0.607,3,3.2,3.1,6.3,7.1,376,0.596,0.215,419,1.07,0.5,0.19,0.19,259,5,65,0.131,0.14800000000000002,0,30
8,0.5,2.7,2.4,3.5,7.0,6.8,366,0.547,0.203,411,1.21,0.55,0.25,0.22,-38,-15,-337,0.375,0.125,0,3
1,0.0,2,3.0,2.0,1.0,9.0,424,0.667,0.28,259,0.78,0.28,0.21,0,-756,-15,-410,0.0,0.0,0,0
50,0.6,2.8,2.9,2.9,5.4,7.5,379,0.605,0.249,472,0.92,0.4,0.18,0.15,211,4,90,0.2,0.08,0,17
16,0.375,2.2,2.6,4.1,6.4,5.8,320,0.527,0.182,402,0.98,0.5,0.14,0.25,-718,-20,-527,0.188,0.125,0,3
2,0.0,1.3,3.0,4.0,2.0,7.4,352,0.263,0.22899999999999998,464,0.58,0.3,0.07,0.1,-1173,-40,-1362,0.0,0.0,0,0
128,0.625,3,2.5,2.5,5.1,8.5,395,0.597,0.217,424,1.02,0.47,0.18,0.17,114,5,126,0.18,0.22699999999999998,0,44
30,0.5329999999999999,4,2.5,2.2,6.3,7.3,369,0.551,0.226,455,1.02,0.46,0.15,0.2,292,4,115,0.16699999999999998,0.16699999999999998,0,11
18,0.33299999999999996,2,2.3,3.2,4.1,7.2,355,0.51,0.22699999999999998,410,0.79,0.37,0.15,0.11,-115,-3,-77,0.055999999999999994,0.111,0,7
42,0.7859999999999999,4.4,3.0,2.1,6.1,7.6,387,0.5429999999999999,0.20600000000000002,420,0.84,0.42,0.09,0.11,378,8,199,0.28600000000000003,0.048,0,15
21,0.619,3.9,4.7,2.3,4.4,8.4,431,0.519,0.23,451,1.09,0.5,0.11,0.22,576,9,340,0.381,0.28600000000000003,0,18
3,0.33299999999999996,1.6,1.7,4.0,4.7,8.3,408,0.5489999999999999,0.313,574,0.95,0.38,0.19,0.15,1403,15,836,0.0,0.33299999999999996,0,0
31,0.226,1.6,2.4,3.6,3.5,8.0,369,0.591,0.237,405,0.93,0.49,0.16,0.23,-113,2,97,0.226,0.226,0,14
29,0.207,2,2.4,3.0,3.4,7.5,358,0.5,0.215,354,0.78,0.39,0.08,0.11,-605,-13,-238,0.10300000000000001,0.207,0,13
11,0.0,0.9,1.3,5.5,3.5,6.7,325,0.604,0.221,323,1.16,0.57,0.17,0.28,-644,-13,-416,0.273,0.364,0,2
2,0.0,0.5,1.0,5.0,1.5,6.4,307,0.306,0.213,270,0.99,0.58,0.15,0.33,-140,-8,-194,0.0,0.0,0,1
59,0.6609999999999999,3.5,3.5,2.6,5.6,7.2,379,0.6459999999999999,0.239,460,0.95,0.38,0.19,0.14,384,6,265,0.373,0.102,0,18
18,0.389,2.1,2.0,3.2,4.7,7.6,371,0.622,0.217,399,1.2,0.5,0.15,0.22,-184,-3,-236,0.278,0.389,0,3
21,0.47600000000000003,3.4,3.1,2.9,6.7,6.9,361,0.596,0.217,399,0.98,0.53,0.15,0.24,-172,-6,54,0.33299999999999996,0.048,0,4
53,0.509,2.3,2.6,3.6,5.7,7.5,368,0.556,0.231,441,0.93,0.47,0.13,0.17,10,3,40,0.28300000000000003,0.151,0,21
8,0.125,0.8,1.9,6.0,3.1,6.6,327,0.488,0.24600000000000002,425,0.79,0.35,0.08,0.14,-562,3,-610,0.0,0.25,0,1
42,0.47600000000000003,3.3,2.5,2.2,4.7,7.8,381,0.5870000000000001,0.21899999999999997,420,1.03,0.45,0.18,0.15,47,4,279,0.071,0.095,0,12
61,0.525,2.6,2.1,2.6,4.8,7.3,367,0.5710000000000001,0.24,400,1.06,0.46,0.12,0.16,-255,-10,-203,0.295,0.131,0,15
13,0.462,2.6,2.2,2.8,5.3,7.5,364,0.601,0.21899999999999997,406,1.03,0.43,0.15,0.14,-383,-2,61,0.154,0.231,0,3
58,0.397,2.4,2.6,3.1,4.8,8.3,391,0.647,0.251,478,0.93,0.24,0.26,0.11,76,5,183,0.052000000000000005,0.121,0,4
24,0.583,3.1,2.2,2.7,6.3,6.5,337,0.578,0.168,318,0.99,0.48,0.13,0.17,-666,-18,-556,0.16699999999999998,0.083,0,3
1,0.0,1.3,1.0,3.0,3.0,6.9,314,0.8,0.332,462,1.06,0.46,0.2,0.2,-1907,-41,-564,0.0,0.0,0,0
48,0.667,4.2,2.5,2.1,6.5,7.4,377,0.579,0.223,446,0.76,0.37,0.1,0.08,16,3,181,0.10400000000000001,0.083,0,8
15,0.33299999999999996,2.3,2.4,3.7,6.1,6.5,342,0.6509999999999999,0.23,416,0.98,0.36,0.16,0.15,-163,0,-262,0.067,0.2,0,6
4,0.0,0.6,0.5,4.5,2.0,7.2,320,0.43200000000000005,0.235,319,0.63,0.31,0.12,0.06,-1322,-10,-618,0.25,0.0,0,0
50,0.78,6.1,3.9,1.8,7.0,7.7,403,0.613,0.23600000000000002,477,0.93,0.42,0.12,0.15,178,2,45,0.28,0.1,0,21
14,0.28600000000000003,1.3,1.9,3.6,2.6,7.0,331,0.37799999999999995,0.20600000000000002,301,0.85,0.4,0.15,0.14,-401,-13,-381,0.14300000000000002,0.14300000000000002,0,7
32,0.594,3.5,3.4,2.4,4.8,7.4,381,0.509,0.22699999999999998,436,1.06,0.51,0.17,0.22,403,2,205,0.25,0.063,0,17
32,0.43799999999999994,2.6,2.8,3.5,6.3,6.6,354,0.5660000000000001,0.213,444,0.85,0.35,0.08,0.16,-714,-18,-403,0.21899999999999997,0.156,0,17
1,0.0,1.3,3.0,3.0,1.0,7.1,352,0.5710000000000001,0.27699999999999997,367,1.08,0.43,0.13,0.36,172,-7,120,0.0,1.0,0,1
14,0.071,0.9,2.9,5.9,2.7,8.3,378,0.503,0.293,537,0.58,0.29,0.09,0.03,-644,0,-447,0.071,0.0,0,8
56,0.625,3.3,2.5,2.6,5.8,7.2,368,0.575,0.215,386,1.01,0.48,0.18,0.18,-416,-13,-309,0.071,0.018000000000000002,0,8
14,0.214,2.2,2.5,2.4,2.6,7.7,374,0.519,0.201,303,0.84,0.35,0.15,0.09,67,5,358,0.0,0.214,0,6
35,0.514,3.1,2.4,2.7,6.1,7.1,364,0.584,0.207,396,0.99,0.51,0.14,0.23,-420,-5,-259,0.057,0.14300000000000002,0,6
19,0.21100000000000002,1.6,1.5,3.6,4.4,6.5,328,0.479,0.18899999999999997,367,1.05,0.48,0.16,0.17,-631,-13,-316,0.105,0.053,0,2
6,0.0,0.8,2.3,5.5,2.0,7.5,350,0.361,0.16699999999999998,352,0.62,0.33,0.09,0.05,-1272,-15,-486,0.33299999999999996,0.0,0,4
12,0.16699999999999998,1.6,1.9,3.8,4.3,5.9,311,0.485,0.221,392,0.72,0.35,0.09,0.12,-647,-20,-610,0.25,0.083,0,2
23,0.7829999999999999,2.5,4.3,3.8,5.4,7.5,409,0.59,0.27,581,1.08,0.51,0.19,0.2,590,15,584,0.217,0.217,0,29
12,0.25,2.7,1.5,1.9,3.8,6.8,324,0.496,0.207,341,1,0.48,0.15,0.2,-547,-9,-296,0.0,0.0,0,3
24,0.25,2.1,2.8,3.8,5.2,6.5,338,0.519,0.17800000000000002,368,0.83,0.35,0.15,0.09,-358,-8,-174,0.083,0.16699999999999998,0,5
93,0.667,3.7,2.3,2.2,5.9,8.0,383,0.575,0.23600000000000002,439,1.12,0.51,0.2,0.2,156,6,217,0.161,0.204,0,26
18,0.611,3,1.8,2.8,6.6,6.7,344,0.507,0.182,357,0.84,0.46,0.11,0.19,-235,-12,-2,0.222,0.111,0,3
56,0.39299999999999996,2.1,4.2,4.0,4.1,7.9,391,0.6,0.263,517,0.99,0.44,0.18,0.17,-102,1,-142,0.179,0.179,0,43
51,0.451,2.2,1.9,2.6,3.8,8.2,373,0.561,0.24,430,1.11,0.5,0.21,0.18,-9,4,123,0.235,0.196,0,13
1,1.0,3.6,3.0,5.0,15.0,6.1,397,0.643,0.185,532,0.69,0.36,0.07,0.07,-1771,-78,-3131,0.0,0.0,0,0
24,0.792,3.9,4.0,2.3,5.2,8.7,432,0.638,0.276,518,1.03,0.47,0.16,0.16,701,20,640,0.33299999999999996,0.20800000000000002,0,14
40,0.4,1.6,2.2,4.0,4.3,6.9,346,0.499,0.215,395,0.88,0.48,0.09,0.22,-228,-5,-228,0.275,0.175,0,15
34,0.324,1.9,2.2,3.4,4.1,6.7,334,0.5329999999999999,0.212,359,0.93,0.46,0.15,0.17,-543,-14,-394,0.294,0.147,0,6
53,0.377,2.2,2.4,3.6,5.7,6.6,339,0.626,0.19899999999999998,345,0.77,0.34,0.18,0.1,-323,-12,-417,0.151,0.113,0,6
3,0.33299999999999996,1.4,0.7,3.7,4.3,6.9,325,0.722,0.222,296,0.78,0.49,0.16,0.19,-408,4,206,0.33299999999999996,0.33299999999999996,0,1
43,0.395,2.6,2.3,2.8,5.0,7.4,357,0.589,0.245,441,1.1,0.47,0.15,0.17,-127,1,78,0.233,0.209,0,8
49,0.449,2.5,2.2,2.9,5.1,7.7,371,0.632,0.25,469,0.87,0.29,0.17,0.13,-184,-8,-343,0.245,0.122,0,9
1,0.0,1.1,3.0,9.0,7.0,5.7,326,0.32299999999999995,0.11,338,0.62,0.33,0.05,0.02,-805,-40,-849,0.0,0.0,0,0
37,0.324,1.7,1.6,2.8,3.1,8.2,377,0.501,0.221,341,0.98,0.44,0.19,0.19,-257,-9,-247,0.081,0.18899999999999997,0,10
12,0.33299999999999996,2.2,3.3,4.7,7.0,7.5,388,0.599,0.267,504,1.07,0.45,0.16,0.14,371,1,-3,0.16699999999999998,0.25,0,13
87,0.276,1.6,2.0,3.8,4.1,6.9,334,0.598,0.23600000000000002,409,0.84,0.43,0.15,0.13,-535,-11,-282,0.172,0.149,0,30
5,0.0,1,1.6,3.4,1.8,6.9,326,0.523,0.23399999999999999,328,0.91,0.4,0.12,0.14,-336,-13,-354,0.0,0.0,0,2
60,0.6,3,2.2,2.4,5.1,7.3,357,0.578,0.235,409,0.94,0.46,0.13,0.16,-54,-1,82,0.15,0.217,0,17
4,0.25,1.2,1.0,5.8,5.8,5.1,285,0.507,0.20800000000000002,398,0.97,0.45,0.09,0.17,-661,-6,151,0.5,0.25,0,0
22,0.545,2.8,4.0,3.2,5.1,8.5,416,0.51,0.235,460,0.86,0.37,0.15,0.1,328,17,307,0.182,0.182,0,18
41,0.659,2.4,4.3,3.8,4.9,7.5,404,0.589,0.245,507,0.9,0.43,0.13,0.17,-40,1,80,0.171,0.244,0,30
31,0.484,3,3.1,2.8,5.2,8.1,396,0.59,0.267,495,1.12,0.39,0.2,0.12,419,14,351,0.19399999999999998,0.09699999999999999,0,7
1,0.0,1.4,1.0,5.0,6.0,8.7,391,0.7,0.205,349,1.09,0.46,0.14,0.17,765,22,513,1.0,0.0,0,0
28,0.28600000000000003,2.4,1.8,2.1,3.1,7.7,355,0.591,0.215,361,0.94,0.47,0.13,0.2,-9,-3,-150,0.321,0.071,0,7
1,1.0,5.3,3.0,3.0,13.0,5.9,411,0.457,0.14400000000000002,452,0.88,0.44,0.07,0.2,910,-28,-489,1.0,0.0,0,0
1,0.0,3,2.0,2.0,4.0,6.3,302,0.462,0.24600000000000002,419,0.94,0.56,0.09,0.22,-545,-17,-537,0.0,0.0,0,0
21,0.429,2.5,2.5,2.7,4.2,7.5,358,0.596,0.22899999999999998,396,0.95,0.45,0.17,0.13,-500,-6,-95,0.33299999999999996,0.23800000000000002,0,2
39,0.282,1.9,2.2,3.3,4.2,7.6,374,0.5579999999999999,0.256,463,1,0.45,0.16,0.2,-174,-7,-328,0.10300000000000001,0.179,0,9
53,0.604,4.7,2.4,1.5,4.7,7.5,368,0.524,0.187,335,1.15,0.42,0.22,0.21,75,-1,61,0.245,0.094,0,5
46,0.7170000000000001,3,2.8,2.6,4.9,8.3,399,0.616,0.26899999999999996,531,1.1,0.4,0.25,0.17,361,14,229,0.174,0.261,0,19
41,0.512,3.1,2.1,2.3,5.0,7.6,365,0.562,0.21899999999999997,370,0.9,0.45,0.13,0.17,-165,-6,-24,0.195,0.122,0,12
46,0.435,2.5,2.0,2.5,4.3,7.8,376,0.5670000000000001,0.22399999999999998,409,0.88,0.46,0.09,0.15,-4,-2,-228,0.109,0.109,0,6
7,0.14300000000000002,1.8,1.9,3.9,5.1,7.3,338,0.632,0.198,358,0.9,0.45,0.1,0.16,-212,-9,-256,0.28600000000000003,0.14300000000000002,0,0
18,0.222,1.2,2.3,4.0,2.6,6.9,334,0.6,0.215,343,0.86,0.36,0.15,0.11,-617,-16,-541,0.16699999999999998,0.278,0,2
20,0.35,2.3,2.1,2.6,3.9,7.6,359,0.643,0.22,368,1.05,0.48,0.19,0.21,45,2,112,0.1,0.1,0,3
14,0.429,2.1,2.1,3.1,4.5,6.5,334,0.525,0.217,390,1.02,0.5,0.11,0.21,-258,-17,-296,0.214,0.14300000000000002,0,4
1,0.0,0.8,0.0,5.0,4.0,6.8,302,1.0,0.166,253,0.98,0.41,0.2,0.12,-388,-16,-264,0.0,0.0,0,0
13,0.154,1.6,1.6,3.1,3.3,7.2,337,0.47700000000000004,0.209,321,0.85,0.39,0.13,0.1,-641,-11,-163,0.077,0.077,0,1
24,0.20800000000000002,1.7,2.7,4.4,5.0,7.3,362,0.562,0.249,493,0.92,0.48,0.16,0.17,10,3,-73,0.20800000000000002,0.16699999999999998,0,12
20,0.25,1.8,3.0,4.5,4.8,7.6,367,0.47100000000000003,0.209,411,0.98,0.46,0.14,0.15,-151,11,-28,0.2,0.15,0,12
20,0.4,2.6,3.0,2.7,4.1,7.7,370,0.617,0.27699999999999997,469,0.99,0.38,0.2,0.11,239,1,28,0.2,0.05,0,6
13,0.385,2.1,1.7,3.5,5.6,6.7,349,0.59,0.24100000000000002,446,0.98,0.47,0.16,0.19,-73,0,-94,0.308,0.231,0,4
35,0.486,2.3,3.0,3.7,5.4,7.1,373,0.594,0.22,423,1.11,0.38,0.18,0.12,-509,-13,-573,0.171,0.2,0,10
2,0.0,1.5,2.0,3.0,2.5,8.2,361,0.433,0.223,374,0.81,0.31,0.28,0.15,-1406,-18,-344,0.0,0.5,0,0
55,0.527,3.2,3.2,2.6,5.2,7.3,375,0.599,0.22699999999999998,428,1.07,0.48,0.21,0.24,-48,-5,-46,0.2,0.073,0,9
19,0.526,2,2.8,3.4,3.8,7.9,397,0.501,0.258,469,1.04,0.45,0.17,0.19,232,1,-69,0.316,0.263,0,7
88,0.648,4,3.3,2.5,6.6,8.0,400,0.5770000000000001,0.213,446,0.92,0.45,0.13,0.16,604,11,438,0.159,0.102,0,42
112,0.518,2.9,2.8,2.6,4.7,8.4,393,0.613,0.259,465,1.08,0.48,0.22,0.2,192,8,176,0.304,0.125,0,40
4,0.0,1.1,2.3,4.5,2.5,6.8,341,0.47200000000000003,0.195,357,1.14,0.42,0.2,0.14,-404,-12,-328,0.25,0.25,0,1
15,0.2,1.1,1.7,4.3,3.3,7.1,346,0.5589999999999999,0.252,431,1.02,0.51,0.21,0.22,-464,-4,-18,0.133,0.33299999999999996,0,2
18,0.444,3.9,2.1,1.9,5.4,7.3,352,0.629,0.20199999999999999,368,0.91,0.41,0.16,0.13,-233,-5,-75,0.16699999999999998,0.111,0,1
7,0.28600000000000003,1.6,1.3,2.7,3.0,6.9,334,0.47100000000000003,0.22899999999999998,381,0.94,0.47,0.15,0.19,-837,-17,-794,0.14300000000000002,0.14300000000000002,0,2
42,0.5479999999999999,3,3.5,2.5,3.9,8.6,420,0.5579999999999999,0.24600000000000002,476,0.87,0.4,0.13,0.11,381,9,415,0.214,0.071,0,13
18,0.16699999999999998,1.8,2.4,3.5,3.8,7.5,361,0.601,0.266,420,1.14,0.51,0.17,0.22,208,9,205,0.278,0.111,0,8
27,0.222,2.4,2.1,2.9,5.0,6.9,343,0.534,0.17800000000000002,326,0.87,0.48,0.1,0.21,-531,-7,-293,0.0,0.14800000000000002,0,2
56,0.5,2.2,2.1,2.9,4.0,7.7,364,0.5479999999999999,0.20600000000000002,386,0.99,0.51,0.15,0.23,-281,-1,-220,0.179,0.14300000000000002,0,1
12,0.41700000000000004,2,3.0,3.8,4.5,8.4,390,0.56,0.294,529,0.86,0.34,0.19,0.05,985,28,434,0.25,0.083,0,9
29,0.172,1.1,1.2,4.4,3.6,7.0,331,0.489,0.217,353,0.94,0.45,0.17,0.21,-466,-1,-390,0.10300000000000001,0.276,0,7
2,1.0,6.3,4.5,1.5,5.0,7.5,418,0.7929999999999999,0.301,498,0.72,0.3,0.28,0.15,1726,26,-193,1.0,0.0,0,0
61,0.574,2.8,3.5,3.3,5.8,7.4,381,0.605,0.21,417,0.97,0.41,0.21,0.18,-136,-5,-43,0.19699999999999998,0.19699999999999998,0,28
36,0.361,2.4,2.4,3.0,4.7,7.6,368,0.602,0.24,414,0.97,0.4,0.19,0.17,-269,-6,-178,0.16699999999999998,0.111,0,9
133,0.564,3.4,2.6,2.4,5.6,7.9,382,0.609,0.21899999999999997,399,0.92,0.42,0.17,0.13,-154,-1,74,0.105,0.075,0,17
29,0.483,2,1.8,2.8,3.6,7.5,369,0.527,0.217,373,0.89,0.4,0.15,0.1,259,-2,99,0.276,0.276,0,13
25,0.32,2,2.4,3.2,3.8,7.9,384,0.602,0.222,374,0.83,0.36,0.08,0.1,-154,-8,-311,0.4,0.16,0,7
11,0.636,2.7,2.0,2.6,5.0,7.6,379,0.624,0.22,373,0.82,0.33,0.12,0.09,287,5,180,0.091,0.364,0,3
12,0.25,2,2.8,3.3,3.8,6.7,339,0.622,0.254,462,0.74,0.31,0.06,0.05,-229,2,-52,0.083,0.25,0,5
57,0.772,4.2,2.9,2.1,6.2,8.2,414,0.59,0.237,490,1.1,0.43,0.21,0.18,598,10,411,0.281,0.228,0,22
1,0.0,1.3,0.0,3.0,4.0,6.3,292,0.5710000000000001,0.19899999999999998,353,0.93,0.57,0.11,0.25,-93,-4,331,0.0,0.0,0,0
21,0.28600000000000003,1.5,2.4,3.6,3.1,6.6,340,0.5820000000000001,0.231,411,0.91,0.46,0.14,0.17,-254,-10,-408,0.14300000000000002,0.28600000000000003,0,10
12,0.41700000000000004,2.6,2.4,3.1,5.5,7.8,361,0.68,0.261,398,1.2,0.56,0.21,0.26,-314,-7,-92,0.16699999999999998,0.41700000000000004,0,2
6,0.0,0.6,0.7,5.3,2.7,5.9,287,0.371,0.184,386,0.81,0.46,0.09,0.18,-2387,-32,-1229,0.0,0.16699999999999998,0,1
38,0.526,5.3,2.7,1.6,5.9,7.2,354,0.608,0.171,296,0.98,0.47,0.15,0.18,-263,-6,20,0.263,0.132,0,3
40,0.55,3,2.5,2.3,4.5,8.3,391,0.537,0.21,379,0.88,0.42,0.13,0.16,294,6,225,0.2,0.1,0,15
6,0.33299999999999996,1.8,3.5,5.5,6.5,6.6,354,0.545,0.22699999999999998,527,0.54,0.32,0.04,0.08,-278,-11,-282,0.667,0.0,0,4
34,0.441,2.4,3.7,3.3,4.3,7.4,374,0.604,0.251,431,0.83,0.38,0.16,0.16,-381,-7,-216,0.11800000000000001,0.11800000000000001,0,19
3,0.33299999999999996,3.1,2.3,3.0,7.0,7.3,370,0.6759999999999999,0.244,533,1.02,0.43,0.14,0.15,-684,-23,-360,0.0,0.0,0,1
29,0.138,1.7,2.2,3.1,3.1,7.6,357,0.596,0.247,372,0.77,0.4,0.1,0.09,-159,-2,-288,0.207,0.069,0,7
24,0.292,2,2.0,3.0,4.1,6.9,338,0.493,0.203,327,0.93,0.41,0.18,0.13,-450,-12,-292,0.083,0.16699999999999998,0,8
39,0.436,2.5,2.5,2.7,4.2,8.3,393,0.579,0.259,465,1.12,0.48,0.16,0.17,346,9,255,0.179,0.128,0,7
2,0.0,0.9,2.0,4.0,1.5,6.7,327,0.667,0.207,284,0.78,0.43,0.07,0.12,70,-14,-144,0.5,0.5,0,2
96,0.51,2.9,2.3,2.8,5.7,7.5,367,0.557,0.195,364,1.03,0.39,0.25,0.24,-315,-9,-283,0.073,0.052000000000000005,0,5
14,0.28600000000000003,1.8,2.5,3.7,4.2,7.0,355,0.524,0.228,418,0.76,0.42,0.07,0.16,-622,-10,-355,0.071,0.071,0,6
18,0.111,1.2,1.4,4.5,3.8,6.1,302,0.578,0.209,330,0.8,0.39,0.13,0.15,-741,-17,-495,0.16699999999999998,0.278,0,3
47,0.511,2.8,2.0,2.8,5.9,6.9,341,0.605,0.192,336,1,0.42,0.18,0.15,-284,-6,-143,0.17,0.021,0,7
8,0.0,0.7,1.3,4.5,1.8,6.7,311,0.5429999999999999,0.185,254,0.77,0.4,0.09,0.14,-967,-19,-680,0.125,0.125,0,2
44,0.364,2.2,2.8,2.9,3.7,8.3,389,0.498,0.22699999999999998,384,1.02,0.37,0.2,0.16,47,17,289,0.023,0.023,0,1
38,0.5529999999999999,2.6,2.3,2.7,4.8,7.6,371,0.478,0.204,354,0.89,0.38,0.17,0.16,-4,-2,148,0.158,0.132,0,17
6,0.0,0.6,1.7,5.0,1.3,6.8,324,0.439,0.196,382,0.79,0.49,0.04,0.24,-815,-5,-1094,0.16699999999999998,0.0,0,0
5,0.2,2.3,3.8,4.6,7.0,7.3,383,0.597,0.26,549,0.63,0.3,0.1,0.03,530,23,650,0.0,0.0,0,0
31,0.484,2.5,3.4,3.1,4.4,7.7,380,0.593,0.233,459,0.97,0.42,0.15,0.14,166,3,179,0.355,0.161,0,13
28,0.35700000000000004,1.4,2.1,3.7,3.2,7.9,372,0.499,0.27699999999999997,455,1.04,0.47,0.17,0.16,-258,1,-238,0.179,0.179,0,8
4,0.75,4.2,2.0,1.5,4.3,8.2,398,0.38,0.214,445,1.06,0.41,0.2,0.09,172,12,234,0.25,0.0,0,2
115,0.6779999999999999,3.3,3.3,2.6,5.2,8.8,429,0.602,0.273,539,1.04,0.4,0.23,0.14,621,8,238,0.278,0.226,0,45
10,0.3,2.9,1.6,2.3,5.1,7.0,336,0.457,0.19399999999999998,347,0.88,0.45,0.11,0.18,-646,-16,-132,0.2,0.1,0,3
1,1.0,5.7,1.0,3.0,16.0,6.0,338,0.5479999999999999,0.08900000000000001,206,1.09,0.36,0.04,0.07,-2585,-36,-1219,1.0,0.0,0,0
22,0.5,2.3,2.2,3.4,5.4,6.9,350,0.531,0.203,363,1.09,0.44,0.18,0.14,-147,0,107,0.182,0.22699999999999998,0,4
43,0.419,3.2,2.1,2.3,5.3,7.7,368,0.593,0.21600000000000003,392,0.95,0.41,0.18,0.13,86,5,-22,0.27899999999999997,0.163,0,9
32,0.563,2.5,3.4,3.0,4.1,7.4,382,0.602,0.22699999999999998,410,0.86,0.34,0.13,0.11,204,9,-26,0.25,0.094,0,16
6,0.33299999999999996,1.6,1.3,4.0,5.2,5.3,295,0.436,0.14,249,0.85,0.43,0.15,0.21,-758,-27,-877,0.0,0.0,0,1
73,0.493,2.9,2.2,2.7,5.6,7.5,372,0.583,0.19899999999999998,379,0.86,0.42,0.14,0.18,-167,-3,-38,0.192,0.13699999999999998,0,20
9,0.444,1.6,1.8,3.9,4.4,7.3,354,0.569,0.20199999999999999,371,0.93,0.41,0.2,0.27,188,2,210,0.444,0.111,0,4
78,0.513,2.3,2.4,2.8,4.1,7.9,386,0.551,0.239,448,1.02,0.55,0.16,0.27,92,2,15,0.179,0.179,0,49
1,0.0,0.4,1.0,5.0,1.0,8.5,345,0.5,0.431,818,1.01,0.5,0.25,0.22,-544,-11,-640,0.0,0.0,0,0
6,0.33299999999999996,3.1,3.3,2.7,4.8,8.5,418,0.6559999999999999,0.281,427,0.94,0.43,0.18,0.11,1196,17,491,0.16699999999999998,0.0,0,6
21,0.381,1.9,2.0,3.7,5.0,6.5,329,0.524,0.20800000000000002,368,1.03,0.45,0.18,0.22,-741,-11,-550,0.19,0.28600000000000003,0,7
27,0.63,3.6,4.6,3.0,6.3,7.9,407,0.728,0.29600000000000004,642,0.95,0.46,0.14,0.14,359,15,255,0.14800000000000002,0.37,0,16
34,0.5589999999999999,3.4,3.3,2.9,6.5,6.6,356,0.579,0.21100000000000002,408,0.91,0.4,0.14,0.14,-214,-6,-109,0.17600000000000002,0.265,0,19
54,0.63,3.6,2.4,2.3,5.9,6.9,360,0.6,0.19899999999999998,379,0.83,0.38,0.1,0.13,-19,-7,2,0.222,0.13,0,11
15,0.2,1.8,1.4,2.7,3.4,6.4,314,0.5479999999999999,0.185,283,0.71,0.36,0.12,0.13,-723,-13,-767,0.267,0.0,0,5
18,0.556,2.3,2.6,3.3,5.2,7.0,357,0.469,0.19899999999999998,413,0.86,0.45,0.09,0.12,-358,-9,-238,0.0,0.222,0,7
101,0.574,2.7,2.6,3.1,5.6,6.9,355,0.57,0.198,414,0.82,0.39,0.13,0.14,-156,-0,-48,0.198,0.139,0,28
2,0.0,2.3,2.5,2.0,2.0,6.6,328,0.34600000000000003,0.218,306,0.83,0.48,0.03,0.17,-748,-32,-362,0.0,0.0,0,1
83,0.6629999999999999,3.1,2.7,2.8,6.0,7.0,364,0.65,0.21,408,0.98,0.42,0.17,0.18,-68,-5,-25,0.24100000000000002,0.16899999999999998,0,23
12,0.16699999999999998,1,0.9,3.8,2.9,5.9,296,0.534,0.162,247,0.86,0.36,0.15,0.12,-428,-3,-101,0.16699999999999998,0.16699999999999998,0,2
15,0.5329999999999999,3.2,3.0,3.2,7.1,7.5,387,0.627,0.223,486,0.93,0.44,0.17,0.19,283,4,-65,0.133,0.133,0,1
35,0.6,2.8,3.3,3.3,5.7,7.2,372,0.575,0.21600000000000003,439,1.01,0.52,0.13,0.25,258,3,313,0.171,0.14300000000000002,0,23
19,0.316,2,3.1,3.5,4.1,7.1,355,0.6459999999999999,0.261,447,0.85,0.44,0.1,0.2,129,-0,164,0.263,0.158,0,14
53,0.47200000000000003,2.8,3.1,2.7,4.5,8.0,387,0.616,0.25,453,0.95,0.47,0.15,0.15,137,7,221,0.226,0.132,0,21
18,0.444,2.7,2.3,2.6,4.8,7.8,381,0.655,0.252,431,0.98,0.43,0.19,0.15,456,2,-208,0.278,0.111,0,5
21,0.33299999999999996,2.4,2.5,2.9,4.2,7.0,346,0.578,0.24,372,0.92,0.49,0.13,0.18,-252,-10,-173,0.048,0.0,0,8
124,0.669,3.5,2.7,2.3,5.5,8.2,391,0.585,0.217,406,0.99,0.44,0.2,0.19,157,2,121,0.27399999999999997,0.09699999999999999,0,46
34,0.382,2.6,2.9,2.9,4.9,7.1,363,0.624,0.24100000000000002,428,0.81,0.4,0.14,0.12,178,1,-1,0.235,0.17600000000000002,0,6
2,0.0,1.3,3.5,5.0,3.0,8.1,383,0.688,0.342,447,0.89,0.43,0.09,0.14,80,5,-262,0.0,0.0,0,1
30,0.267,2,2.4,2.9,3.5,7.7,364,0.518,0.255,415,0.9,0.42,0.14,0.14,-54,0,-27,0.067,0.2,0,13
50,0.56,4.1,3.6,2.4,6.1,7.6,390,0.655,0.254,484,0.77,0.28,0.14,0.13,362,3,219,0.28,0.1,0,21
36,0.389,1.9,2.2,3.3,3.9,7.4,358,0.594,0.214,351,0.91,0.37,0.17,0.16,-149,-7,-270,0.111,0.16699999999999998,0,9
15,0.4,1.9,1.3,3.2,4.9,6.7,334,0.529,0.192,321,1.01,0.5,0.15,0.2,-528,-14,-207,0.267,0.267,0,4
7,0.429,1.7,1.9,2.9,3.0,7.6,356,0.444,0.19699999999999998,301,0.91,0.38,0.16,0.25,-680,-20,-522,0.14300000000000002,0.28600000000000003,0,1
91,0.527,2.4,2.7,3.1,4.8,7.9,379,0.608,0.273,492,1.03,0.39,0.25,0.1,23,0,-39,0.165,0.242,0,34
8,0.25,1.2,2.1,4.6,3.4,7.5,351,0.507,0.254,456,0.91,0.39,0.11,0.13,-582,-1,-499,0.25,0.25,0,1
6,0.5,1.9,2.3,3.0,3.5,7.5,353,0.488,0.154,268,1.14,0.52,0.2,0.2,-453,-6,-60,0.16699999999999998,0.0,0,1
54,0.593,2.3,3.4,4.0,5.8,7.2,378,0.623,0.226,455,0.97,0.47,0.14,0.17,-138,-8,-294,0.315,0.16699999999999998,0,17
27,0.444,2.6,3.1,3.3,5.3,6.5,344,0.593,0.204,410,0.95,0.41,0.18,0.18,-63,-4,-50,0.40700000000000003,0.185,0,13
47,0.34,2,2.7,2.8,3.0,8.5,393,0.531,0.237,402,0.95,0.4,0.18,0.11,490,18,219,0.128,0.213,0,12
44,0.386,1.9,2.1,4.1,5.7,6.6,342,0.593,0.267,517,0.7,0.31,0.11,0.05,-310,-15,-57,0.205,0.273,0,18
30,0.33299999999999996,2,1.8,3.0,4.3,7.3,357,0.544,0.196,352,0.98,0.49,0.13,0.21,-69,-2,-86,0.2,0.1,0,4
1,0.0,1,1.0,4.0,3.0,7.6,320,0.5710000000000001,0.161,253,1.03,0.29,0.15,0.15,128,6,522,0.0,0.0,0,0
38,0.237,2.2,2.4,3.0,4.2,7.7,366,0.6679999999999999,0.243,403,1.07,0.47,0.2,0.15,-57,1,-175,0.158,0.079,0,4
52,0.5,2.5,3.3,3.4,5.3,7.5,388,0.537,0.23199999999999998,495,0.95,0.4,0.15,0.15,220,9,281,0.077,0.057999999999999996,0,26
34,0.353,2.7,1.6,2.1,4.0,7.8,362,0.523,0.221,389,1.02,0.47,0.14,0.15,-53,2,68,0.147,0.059000000000000004,0,4
2,0.0,1.2,1.5,4.5,4.0,6.9,315,0.542,0.23,346,0.87,0.45,0.12,0.18,-1483,-11,-155,0.5,0.5,0,1
56,0.5,2.7,2.3,2.8,5.3,6.7,344,0.546,0.21,431,0.97,0.43,0.1,0.15,46,0,-85,0.375,0.018000000000000002,0,9
39,0.513,2.2,2.6,3.3,4.9,7.4,373,0.539,0.22899999999999998,440,0.87,0.4,0.14,0.14,239,2,19,0.231,0.10300000000000001,0,17
7,0.5710000000000001,3.3,2.3,3.1,8.0,6.5,341,0.5429999999999999,0.187,407,0.7,0.29,0.1,0.12,-1212,-18,-795,0.0,0.28600000000000003,0,0
9,0.444,3.4,1.6,1.8,4.4,7.1,359,0.611,0.233,446,0.98,0.45,0.13,0.16,15,-7,-195,0.0,0.222,0,3
13,0.769,3.7,4.6,2.3,4.0,8.0,419,0.5379999999999999,0.29100000000000004,565,0.72,0.32,0.06,0.06,813,20,649,0.385,0.0,0,13
21,0.14300000000000002,1.9,1.6,3.1,4.4,7.0,326,0.555,0.185,312,0.87,0.39,0.1,0.13,-832,-14,-369,0.19,0.19,0,2
67,0.642,5.7,1.9,1.4,6.2,6.6,347,0.519,0.168,327,0.83,0.37,0.09,0.11,-405,-14,-35,0.10400000000000001,0.03,0,8
36,0.222,1.5,1.5,3.6,3.8,6.9,333,0.5589999999999999,0.25,353,0.84,0.43,0.16,0.16,-889,-17,-478,0.222,0.222,0,6
18,0.278,1.4,1.9,4.2,4.0,7.1,341,0.406,0.19899999999999998,367,0.8,0.48,0.08,0.2,-774,-14,-337,0.0,0.16699999999999998,0,9
2,1.0,1.9,4.5,5.0,5.0,7.7,441,0.489,0.248,460,1.01,0.38,0.2,0.18,1132,12,-216,0.5,0.0,0,0
72,0.583,3.6,2.8,2.3,5.5,7.7,382,0.585,0.249,450,1.01,0.51,0.13,0.21,53,1,35,0.25,0.125,0,21
1,0.0,1,1.0,4.0,3.0,10.5,410,1.0,0.207,293,1.01,0.34,0.25,0.06,1625,51,1664,1.0,0.0,0,1
17,0.17600000000000002,1.6,2.8,3.8,3.5,7.6,373,0.565,0.237,410,0.65,0.3,0.09,0.1,-180,-5,-145,0.235,0.294,0,6
4,0.25,1.6,1.0,4.0,5.5,5.9,298,0.804,0.159,270,0.66,0.37,0.08,0.13,-1513,-27,-332,0.25,0.5,0,1
50,0.52,2.9,2.8,2.7,5.2,8.3,410,0.5589999999999999,0.266,489,1.22,0.45,0.18,0.18,434,10,285,0.26,0.18,0,16
34,0.382,2.5,2.6,2.4,3.4,8.0,378,0.496,0.239,410,1.02,0.4,0.13,0.11,266,6,170,0.059000000000000004,0.08800000000000001,0,15
76,0.632,3.1,2.8,2.6,5.1,7.9,391,0.552,0.214,447,0.98,0.45,0.13,0.14,147,2,97,0.263,0.171,0,32
74,0.392,1.8,2.1,3.4,4.0,7.5,359,0.586,0.24600000000000002,444,0.87,0.37,0.1,0.11,-63,1,-125,0.284,0.10800000000000001,0,26
6,0.33299999999999996,1.5,1.8,3.7,3.7,5.9,303,0.47100000000000003,0.18600000000000003,282,1.04,0.46,0.18,0.15,-1252,-25,-738,0.0,0.0,0,2
27,0.40700000000000003,2.6,2.9,2.9,4.6,7.8,378,0.638,0.237,457,0.91,0.41,0.19,0.17,31,-8,-335,0.259,0.14800000000000002,0,10
34,0.47100000000000003,2.6,2.1,2.5,4.4,7.3,360,0.536,0.217,394,0.9,0.42,0.14,0.17,-310,-5,-291,0.059000000000000004,0.17600000000000002,0,3
66,0.485,2.7,1.8,2.2,4.0,8.0,366,0.5589999999999999,0.218,376,1.09,0.52,0.2,0.24,-214,-5,-184,0.152,0.152,1,9
78,0.449,2.2,2.0,2.9,4.4,7.3,357,0.525,0.231,418,1.02,0.47,0.18,0.21,20,2,-72,0.256,0.154,0,21
47,0.6809999999999999,3.8,3.0,2.6,6.7,7.7,386,0.5920000000000001,0.21,422,1.04,0.43,0.18,0.15,-138,-7,-123,0.255,0.085,1,24
39,0.564,2.5,2.9,3.3,5.2,7.2,360,0.529,0.2,380,0.8,0.36,0.15,0.08,-271,-5,-58,0.231,0.128,0,6
53,0.623,4,2.8,2.5,7.3,6.7,361,0.667,0.237,484,1.09,0.45,0.17,0.21,196,5,145,0.20800000000000002,0.151,0,21
38,0.605,4,1.8,1.6,4.6,8.1,386,0.511,0.217,384,0.99,0.48,0.16,0.19,355,6,98,0.237,0.184,0,8
90,0.42200000000000004,2,2.0,3.1,4.2,8.3,374,0.606,0.261,445,1.15,0.48,0.29,0.24,49,5,36,0.267,0.17800000000000002,0,17
67,0.597,3,2.5,2.8,5.7,7.3,362,0.586,0.203,383,1.07,0.53,0.15,0.27,-29,-1,-92,0.209,0.10400000000000001,0,16
32,0.344,1.9,1.5,2.7,3.6,7.3,339,0.512,0.21,309,1.04,0.49,0.22,0.19,-418,-15,-129,0.21899999999999997,0.094,0,6
68,0.735,5,3.1,1.9,6.1,7.6,392,0.594,0.218,466,1.05,0.51,0.15,0.19,454,11,228,0.17600000000000002,0.132,0,22
30,0.467,2.2,3.2,3.3,4.2,8.1,388,0.52,0.27699999999999997,500,0.98,0.42,0.18,0.22,-193,2,-90,0.033,0.267,0,14
75,0.507,3,2.5,2.3,4.5,7.7,371,0.5660000000000001,0.205,377,1.02,0.48,0.18,0.24,33,-3,164,0.28,0.133,0,25
9,0.222,1.1,1.3,3.4,2.4,8.0,354,0.494,0.27399999999999997,467,0.99,0.5,0.15,0.18,-539,-15,-403,0.0,0.111,0,4
49,0.51,2.5,3.2,2.9,4.1,7.6,384,0.534,0.226,413,0.98,0.43,0.19,0.13,-178,-7,-97,0.204,0.184,0,27
12,0.25,2.2,3.2,3.6,4.8,6.5,347,0.579,0.235,401,0.9,0.48,0.1,0.2,-606,-10,-416,0.16699999999999998,0.0,0,10
77,0.7140000000000001,3,2.2,2.8,6.2,7.0,360,0.5720000000000001,0.19699999999999998,414,0.84,0.42,0.11,0.09,-213,-7,-157,0.182,0.247,0,17
43,0.605,3.7,2.8,2.2,5.2,7.9,385,0.647,0.22699999999999998,433,0.99,0.36,0.19,0.16,10,-1,10,0.27899999999999997,0.09300000000000001,0,13
102,0.578,2,3.0,4.1,5.1,8.0,407,0.53,0.28800000000000003,635,0.79,0.36,0.13,0.07,541,17,132,0.049,0.11800000000000001,0,23
66,0.636,3.4,3.6,2.9,6.3,7.3,385,0.643,0.23,455,0.97,0.42,0.16,0.18,162,1,79,0.212,0.136,0,19
2,0.0,0.9,2.0,4.0,1.5,7.4,349,0.5,0.247,352,0.36,0.23,0.03,0,632,15,341,0.5,0.0,0,1
11,0.455,1.9,3.6,3.7,3.5,8.2,409,0.479,0.258,527,1.1,0.37,0.27,0.1,598,13,358,0.091,0.364,0,7
86,0.6629999999999999,3.6,3.4,2.6,6.0,7.7,398,0.589,0.228,475,1.06,0.48,0.16,0.18,224,2,101,0.081,0.11599999999999999,0,36
66,0.758,4.7,3.2,2.0,6.3,7.3,390,0.606,0.243,484,1.09,0.49,0.18,0.18,618,9,487,0.273,0.121,0,34
50,0.64,4.2,2.7,2.0,5.5,8.0,395,0.5329999999999999,0.209,408,0.92,0.41,0.12,0.12,356,7,254,0.18,0.12,0,13
2,1.0,3.4,2.5,4.5,13.0,5.3,324,0.606,0.177,480,1.06,0.41,0.09,0.1,-514,6,-48,0.0,0.0,0,1
38,0.395,2.5,2.5,3.0,5.0,7.2,361,0.584,0.18600000000000003,345,0.94,0.55,0.08,0.27,-353,-7,-151,0.079,0.053,0,9
1,0.0,0.3,2.0,7.0,0.0,6.7,338,0.28600000000000003,0.242,290,0.5,0.25,0.11,0,279,0,990,0.0,0.0,0,1
19,0.316,2.8,2.7,2.7,4.9,7.2,358,0.608,0.21600000000000003,402,0.98,0.4,0.17,0.15,-262,-5,-310,0.263,0.21100000000000002,0,5
12,0.41700000000000004,2,1.0,2.2,3.3,7.2,329,0.465,0.22699999999999998,358,0.96,0.41,0.13,0.19,-591,-8,-151,0.083,0.083,0,0
41,0.366,1.9,1.7,3.0,4.2,7.7,352,0.5760000000000001,0.205,319,0.94,0.42,0.15,0.14,-346,-9,-337,0.22,0.244,0,5
6,0.833,3.1,3.2,2.3,4.0,7.5,392,0.41,0.263,443,0.97,0.45,0.13,0.19,511,5,377,0.16699999999999998,0.16699999999999998,0,4
20,0.2,2,2.6,3.4,4.0,7.4,357,0.599,0.21600000000000003,406,0.99,0.48,0.12,0.18,-401,-10,-130,0.25,0.1,0,7
5,0.2,1.2,2.4,5.6,4.2,6.6,359,0.5589999999999999,0.23,427,0.77,0.4,0.11,0.12,-970,-13,-742,0.2,0.4,0,2
14,0.214,2,2.5,3.6,4.6,6.6,331,0.619,0.20800000000000002,385,0.94,0.52,0.1,0.26,-1166,-24,-871,0.28600000000000003,0.14300000000000002,0,3
14,0.0,1.6,1.9,2.8,2.5,7.5,347,0.502,0.23399999999999999,393,0.99,0.54,0.13,0.26,-330,-4,-335,0.071,0.214,0,3
17,0.41200000000000003,2.3,2.6,3.3,5.0,7.0,352,0.507,0.258,469,0.76,0.36,0.06,0.1,-715,-12,-277,0.11800000000000001,0.11800000000000001,0,5
23,0.478,4.2,2.2,2.0,6.1,7.5,356,0.634,0.20199999999999999,375,0.83,0.45,0.11,0.16,-155,2,35,0.087,0.043,0,0
18,0.444,3.2,2.6,2.7,6.1,7.1,361,0.57,0.23399999999999999,400,0.89,0.41,0.13,0.12,-370,-17,-189,0.222,0.111,0,8
30,0.6,3.5,2.9,2.6,6.2,7.6,381,0.59,0.24100000000000002,473,1.07,0.52,0.17,0.2,210,-1,-20,0.36700000000000005,0.133,0,8
45,0.511,4.1,2.5,2.2,6.6,7.2,359,0.679,0.231,432,0.96,0.39,0.17,0.12,-168,0,134,0.156,0.17800000000000002,0,12
70,0.486,2.7,2.3,2.6,4.6,7.6,364,0.58,0.221,397,1.04,0.5,0.19,0.2,-69,2,-24,0.257,0.171,0,17
73,0.644,3.2,4.3,3.2,5.9,8.4,437,0.5720000000000001,0.263,573,0.85,0.37,0.11,0.08,688,16,277,0.13699999999999998,0.192,0,43
27,0.593,3.3,3.7,3.1,6.4,7.4,385,0.634,0.24100000000000002,518,1.09,0.5,0.21,0.17,301,2,21,0.37,0.037000000000000005,0,11
83,0.675,3,2.9,3.1,6.5,7.7,387,0.56,0.215,455,1.04,0.5,0.14,0.17,337,11,135,0.18100000000000002,0.096,0,33
76,0.48700000000000004,2.8,2.6,3.0,5.8,7.2,361,0.539,0.185,363,0.85,0.41,0.18,0.21,-309,-10,-174,0.132,0.053,0,4
4,0.25,1.5,2.3,4.3,4.0,7.1,341,0.529,0.305,516,0.88,0.41,0.13,0.12,-903,-16,-975,0.25,0.0,0,0
22,0.5,3.4,3.3,2.7,5.9,7.4,376,0.594,0.24100000000000002,486,0.93,0.34,0.16,0.18,485,11,446,0.091,0.091,0,16
68,0.647,3.1,2.9,2.8,5.8,7.4,379,0.562,0.248,476,1.02,0.43,0.21,0.16,14,-1,2,0.27899999999999997,0.162,0,32
1,0.0,1.3,3.0,4.0,2.0,7.5,358,0.7140000000000001,0.272,369,0.71,0.41,0.11,0.11,-1146,-15,268,0.0,0.0,0,0
8,0.25,1.6,1.8,2.4,2.0,7.5,347,0.496,0.233,329,0.99,0.52,0.16,0.22,-452,-7,119,0.25,0.125,0,1
20,0.3,1.8,1.7,2.9,3.5,7.7,349,0.561,0.207,305,0.93,0.47,0.12,0.15,-569,-10,-200,0.1,0.25,0,8
54,0.611,2.7,4.3,3.5,5.2,8.7,425,0.525,0.245,519,0.85,0.39,0.16,0.11,507,17,392,0.14800000000000002,0.13,1,39
32,0.25,1.9,2.4,3.9,5.0,7.3,362,0.5710000000000001,0.237,426,0.87,0.43,0.14,0.12,-222,-5,-269,0.25,0.156,0,9
51,0.667,3.6,2.2,2.2,5.8,7.3,358,0.617,0.212,401,1.12,0.43,0.24,0.16,-243,-5,-264,0.11800000000000001,0.17600000000000002,0,13
2,0.0,1.1,2.0,7.0,6.0,4.1,260,0.523,0.16399999999999998,355,1.02,0.44,0.17,0.11,-860,-40,-1358,0.0,0.0,0,1
104,0.7120000000000001,3.9,3.0,2.3,6.0,8.3,406,0.598,0.223,440,0.96,0.48,0.17,0.17,120,4,176,0.115,0.077,0,17
4,0.25,2.3,3.5,4.8,7.3,6.0,336,0.614,0.19,420,1.03,0.52,0.11,0.2,-258,-17,-324,0.25,0.0,0,1
38,0.368,2.2,1.8,2.6,4.0,7.8,358,0.546,0.19399999999999998,320,1,0.43,0.18,0.17,-312,-1,-22,0.132,0.158,0,5
44,0.545,2.2,2.2,2.5,3.5,8.1,380,0.521,0.20800000000000002,391,0.9,0.36,0.17,0.11,155,13,146,0.159,0.25,0,15
15,0.467,2.4,1.9,3.1,5.5,7.0,350,0.605,0.22699999999999998,401,1.16,0.52,0.2,0.22,-32,1,212,0.2,0.133,0,3
1,0.0,1,4.0,6.0,2.0,9.0,468,0.545,0.19899999999999998,352,0.71,0.35,0.06,0.06,1965,38,1841,0.0,0.0,0,1
23,0.304,1.9,2.0,2.9,3.6,7.3,347,0.557,0.212,361,0.79,0.4,0.14,0.11,-497,-7,-208,0.087,0.043,0,1
33,0.33299999999999996,2,2.1,3.5,4.9,7.1,344,0.624,0.23399999999999999,398,0.91,0.44,0.13,0.15,-335,-5,-294,0.182,0.273,0,3
49,0.51,2.8,2.4,2.6,5.0,7.6,373,0.648,0.24600000000000002,432,1.24,0.59,0.25,0.26,100,2,123,0.22399999999999998,0.14300000000000002,0,5
47,0.511,2.8,3.3,3.1,5.4,7.9,399,0.586,0.22899999999999998,470,1.13,0.51,0.18,0.2,621,14,207,0.34,0.106,0,19
28,0.28600000000000003,1.9,2.1,3.1,3.8,7.5,356,0.62,0.26,422,0.95,0.46,0.17,0.17,-127,5,69,0.14300000000000002,0.25,0,4
13,0.615,3.4,2.2,2.6,6.8,6.5,352,0.507,0.183,402,0.94,0.42,0.13,0.17,34,-4,19,0.077,0.077,0,5
84,0.667,3.7,3.5,2.6,6.2,7.4,393,0.5820000000000001,0.23,477,1.11,0.46,0.21,0.18,520,8,372,0.31,0.11900000000000001,0,43
26,0.615,3.3,2.8,2.6,5.8,7.2,374,0.635,0.24100000000000002,437,0.81,0.37,0.14,0.1,83,-5,46,0.385,0.077,0,8
2,0.5,1.9,1.5,4.5,7.0,6.2,314,0.643,0.24,429,1,0.51,0.14,0.23,-168,-2,-30,0.5,0.0,0,1
72,0.47200000000000003,2.2,2.4,3.1,4.3,7.4,365,0.5920000000000001,0.24,427,1.02,0.4,0.21,0.22,182,-2,-78,0.18100000000000002,0.083,0,9
12,0.25,2.3,2.3,3.0,4.5,7.1,356,0.64,0.21100000000000002,406,0.9,0.43,0.14,0.16,107,6,19,0.0,0.083,0,3
14,0.5710000000000001,2,2.2,3.9,5.6,7.3,371,0.594,0.273,526,0.94,0.42,0.16,0.1,-73,1,-54,0.429,0.071,0,4
1,0.0,1.4,7.0,5.0,0.0,6.0,351,0.778,0.304,571,1.01,0.36,0.16,0.12,-1835,-65,-2229,0.0,0.0,0,0
1,1.0,8,5.0,2.0,11.0,8.8,436,0.5710000000000001,0.159,445,0.79,0.32,0.13,0,284,41,1299,0.0,0.0,0,1
43,0.349,2.6,2.3,2.6,4.4,7.8,375,0.589,0.237,421,0.89,0.39,0.12,0.08,-343,-8,-128,0.18600000000000003,0.209,0,10
57,0.526,3.2,2.6,2.6,5.7,7.1,368,0.596,0.21600000000000003,424,0.92,0.45,0.13,0.16,105,-1,17,0.298,0.07,0,13
35,0.371,1.9,1.5,2.8,3.9,7.2,339,0.532,0.248,404,1.04,0.48,0.2,0.17,-125,3,40,0.22899999999999998,0.171,0,6
18,0.222,2.6,2.3,2.7,4.6,6.7,342,0.519,0.22399999999999998,420,0.82,0.39,0.09,0.12,-646,-11,-323,0.055999999999999994,0.222,0,6
64,0.594,2.7,2.3,2.9,5.6,7.7,378,0.59,0.22,413,0.96,0.38,0.17,0.12,-37,3,70,0.21899999999999997,0.156,0,10
49,0.408,3.2,2.3,2.0,4.0,8.2,387,0.589,0.23399999999999999,424,1.2,0.46,0.24,0.18,98,3,194,0.245,0.14300000000000002,0,17
23,0.391,2.1,2.1,2.7,3.6,8.0,381,0.5760000000000001,0.23399999999999999,357,1.09,0.55,0.17,0.28,158,-2,-165,0.174,0.261,0,1
43,0.5579999999999999,3.2,3.6,2.7,5.1,7.7,391,0.568,0.22899999999999998,396,1.06,0.42,0.18,0.19,-5,-3,-104,0.163,0.11599999999999999,0,5
33,0.33299999999999996,2.4,2.8,3.1,4.5,7.6,372,0.653,0.242,439,0.95,0.45,0.13,0.2,-186,-7,-150,0.212,0.091,0,12
47,0.511,3,2.9,2.8,5.7,7.3,369,0.619,0.212,417,0.99,0.43,0.19,0.15,-67,-0,91,0.213,0.23399999999999999,0,15
