Games,Win Rate,KDA,Avg Kills,Avg Deaths,Avg Assists,CSM,GPM,KP%,DMG%,DPM,VSPM,Avg WPM,Avg WCPM,Avg VWPM,GD@15,CSD@15,XPD@15,FB%,FB Victim,Solo Kills
12,0.667,2.9,3.1,3.1,5.9,7.3,361,0.6729999999999999,0.304,574,1.08,0.39,0.19,0.17,-88,-7,70,0.16699999999999998,0.16699999999999998,4
14,0.5,5.0,3.4,1.5,4.1,7.9,368,0.605,0.217,361,0.95,0.57,0.15,0.3,-446,-18,-585,0.28600000000000003,0.0,2
43,0.419,3.5,4.0,2.4,4.3,9.4,418,0.685,0.309,566,1.2,0.48,0.24,0.21,-26,1,31,0.163,0.047,17
41,0.488,3.1,2.9,2.9,6.1,8.2,384,0.7190000000000001,0.28300000000000003,535,1.02,0.44,0.17,0.19,233,4,106,0.39,0.073,6
1,1.0,5.7,10.0,3.0,7.0,9.5,542,0.63,0.32,1046,1.14,0.59,0.23,0.26,1497,33,442,0.0,0.0,0
54,0.63,5.4,2.6,1.7,6.7,7.2,354,0.659,0.225,427,1.08,0.52,0.2,0.24,-295,-11,-256,0.259,0.055999999999999994,6
18,0.111,1.7,2.8,3.6,3.3,8.2,368,0.564,0.263,479,0.85,0.44,0.12,0.2,-460,-7,-404,0.16699999999999998,0.16699999999999998,7
8,0.625,3.9,2.9,2.6,7.3,8.5,394,0.649,0.223,450,1.15,0.42,0.29,0.21,88,3,171,0.375,0.25,0
2,0.5,1.9,3.5,3.5,3.0,6.0,319,0.46399999999999997,0.213,400,0.78,0.41,0.03,0.18,-1622,-23,-613,0.0,0.0,0
1,1.0,3.0,2.0,3.0,7.0,8.1,514,0.85,0.41100000000000003,1114,1.26,0.28,0.14,0.1,376,27,428,0.0,0.0,0
58,0.552,3.3,3.3,2.4,4.9,8.0,386,0.6659999999999999,0.266,484,1.1,0.46,0.23,0.19,221,1,-94,0.276,0.10300000000000001,17
119,0.555,4.6,3.6,2.1,6.1,7.9,384,0.688,0.259,526,1.07,0.46,0.2,0.2,-23,3,-39,0.134,0.025,9
18,0.278,1.9,2.1,3.2,3.9,8.8,382,0.6609999999999999,0.289,432,0.88,0.49,0.13,0.2,-260,-2,-4,0.16699999999999998,0.222,4
42,0.405,3.5,3.3,2.5,5.3,8.5,388,0.6729999999999999,0.299,562,1.01,0.45,0.19,0.18,-108,2,164,0.19,0.095,12
4,0.5,3.3,2.8,2.0,3.8,8.3,361,0.46299999999999997,0.275,478,1.25,0.55,0.27,0.34,-284,-6,-51,0.0,0.25,1
14,0.214,2.4,2.6,2.8,4.0,8.3,374,0.595,0.278,462,1.08,0.43,0.18,0.13,-300,0,37,0.214,0.071,0
47,0.511,5.2,4.6,1.8,4.7,8.7,408,0.727,0.308,561,1.25,0.47,0.3,0.18,348,8,236,0.128,0.106,18
2,0.0,2.1,5.0,4.0,3.5,7.3,396,0.71,0.243,393,0.98,0.35,0.22,0.07,504,-2,428,0.0,0.0,2
82,0.537,2.8,3.3,3.0,5.2,8.4,403,0.596,0.266,504,0.96,0.39,0.21,0.15,137,1,-10,0.183,0.11,27
27,0.444,3.2,3.8,2.9,5.4,8.3,395,0.601,0.292,597,1.05,0.31,0.24,0.13,137,5,191,0.185,0.037000000000000005,12
24,0.75,4.6,3.8,2.1,6.0,8.0,394,0.598,0.235,500,1.24,0.5,0.23,0.24,147,6,138,0.042,0.0,13
44,0.5,3.9,3.5,2.0,4.2,8.3,388,0.69,0.261,481,1.15,0.48,0.23,0.2,61,-1,93,0.273,0.159,9
33,0.455,4.8,4.3,1.9,4.9,8.3,392,0.642,0.29100000000000004,524,0.78,0.35,0.15,0.12,-125,-0,19,0.121,0.061,9
1,0.0,2.8,7.0,4.0,4.0,8.0,381,0.688,0.23199999999999998,392,1.18,0.51,0.17,0.2,-577,-22,-535,0.0,1.0,1
124,0.669,5.6,3.6,1.7,6.0,8.6,410,0.6829999999999999,0.256,484,1.09,0.51,0.23,0.26,330,4,119,0.282,0.073,28
5,0.4,3.0,1.2,2.6,6.6,6.9,331,0.5770000000000001,0.23800000000000002,434,1.35,0.56,0.28,0.29,-545,-17,-583,0.2,0.0,0
14,0.14300000000000002,2.0,2.3,3.0,3.6,9.0,374,0.47600000000000003,0.301,480,0.87,0.43,0.15,0.18,-267,7,37,0.14300000000000002,0.071,4
77,0.532,5.9,3.4,1.4,5.2,8.7,401,0.6829999999999999,0.263,475,0.88,0.4,0.15,0.15,85,0,86,0.23399999999999999,0.013000000000000001,22
19,0.526,3.3,2.8,2.3,4.7,8.0,382,0.5710000000000001,0.24100000000000002,434,1.03,0.42,0.2,0.21,-347,-7,-426,0.263,0.053,3
52,0.635,4.2,4.3,2.3,5.4,7.8,392,0.657,0.263,526,1.1,0.45,0.17,0.18,210,2,31,0.212,0.17300000000000001,18
41,0.659,5.1,4.4,1.9,5.0,9.6,438,0.6559999999999999,0.27699999999999997,530,1.24,0.46,0.25,0.18,574,17,506,0.317,0.073,25
58,0.603,4.8,4.0,2.1,6.3,7.9,390,0.7,0.263,506,1.02,0.45,0.13,0.18,191,-0,104,0.207,0.034,12
14,0.071,2.0,2.2,2.8,3.4,7.8,350,0.505,0.251,383,0.73,0.38,0.09,0.14,-853,-16,-642,0.14300000000000002,0.0,4
2,0.0,2.8,2.0,2.5,5.0,7.0,334,0.765,0.27399999999999997,392,1.01,0.45,0.24,0.4,-488,-21,-768,0.0,0.0,1
1,0.0,0.0,0.0,4.0,0.0,7.1,290,0.0,0.345,357,0.99,0.5,0.11,0.21,-729,-15,132,0.0,1.0,0
50,0.52,4.2,3.7,2.2,5.3,8.6,405,0.639,0.281,533,1.12,0.47,0.19,0.18,178,-0,102,0.24,0.08,5
16,0.313,3.3,2.6,2.6,6.0,7.2,352,0.674,0.20600000000000002,406,1.38,0.57,0.19,0.23,-367,-12,-225,0.125,0.125,5
5,0.6,3.1,3.0,3.4,7.4,6.3,360,0.596,0.191,488,0.91,0.48,0.18,0.26,-254,-7,186,0.4,0.0,4
52,0.6920000000000001,5.4,3.6,1.7,5.7,7.8,384,0.6659999999999999,0.25,462,0.92,0.34,0.18,0.15,111,-1,-57,0.212,0.096,9
49,0.612,4.5,5.0,2.4,6.1,8.7,424,0.6779999999999999,0.276,564,1.02,0.37,0.18,0.14,167,1,32,0.245,0.061,21
21,0.857,4.8,3.5,2.2,7.0,8.4,400,0.6829999999999999,0.237,443,0.95,0.47,0.13,0.15,-277,-8,-154,0.19,0.14300000000000002,9
59,0.6609999999999999,4.1,2.7,2.1,5.8,8.0,379,0.613,0.257,502,0.99,0.59,0.15,0.3,104,2,-3,0.237,0.017,8
27,0.40700000000000003,4.0,3.9,2.0,3.9,8.6,390,0.64,0.303,546,1.05,0.55,0.21,0.27,-114,-5,-122,0.222,0.111,4
5,0.0,1.6,1.2,2.0,2.0,7.6,333,0.536,0.322,458,1.03,0.56,0.15,0.26,-475,-7,-437,0.0,0.2,1
12,0.41700000000000004,1.9,2.5,3.2,3.7,8.1,367,0.606,0.205,337,0.89,0.44,0.16,0.2,-205,-8,-53,0.16699999999999998,0.083,0
46,0.37,4.0,4.1,2.2,4.8,8.6,405,0.722,0.3,536,0.99,0.39,0.21,0.23,101,5,203,0.13,0.065,16
23,0.348,3.5,2.9,2.4,5.5,8.5,388,0.6759999999999999,0.278,457,1.11,0.46,0.24,0.17,-26,7,-11,0.174,0.043,4
3,0.33299999999999996,1.2,2.0,4.0,2.7,6.4,324,0.363,0.204,391,1.03,0.4,0.23,0.15,-290,-14,-332,0.667,0.0,0
20,0.4,2.2,3.6,3.5,4.2,8.4,384,0.622,0.29,493,1.01,0.42,0.15,0.16,-110,0,-302,0.45,0.05,4
128,0.625,4.4,3.3,1.9,4.8,9.5,423,0.6609999999999999,0.263,517,1.34,0.47,0.38,0.18,317,14,397,0.172,0.102,29
26,0.462,4.8,4.9,2.2,5.5,8.3,412,0.721,0.28300000000000003,576,1.03,0.42,0.15,0.19,236,8,322,0.154,0.0,14
19,0.316,2.7,2.6,2.5,4.1,8.6,382,0.599,0.276,480,1.11,0.53,0.17,0.25,-171,-4,-0,0.21100000000000002,0.263,10
66,0.636,4.3,3.9,2.3,6.2,8.1,398,0.657,0.265,526,1.06,0.42,0.15,0.22,124,1,79,0.242,0.091,34
15,0.8,5.7,4.0,1.5,4.7,9.0,413,0.583,0.252,471,0.97,0.41,0.14,0.16,264,1,283,0.2,0.133,7
53,0.547,4.7,4.2,2.1,5.8,8.1,395,0.6659999999999999,0.251,493,0.88,0.43,0.11,0.19,69,1,63,0.28300000000000003,0.094,21
13,0.615,3.5,4.6,2.6,4.6,7.8,395,0.6709999999999999,0.32,629,0.97,0.42,0.15,0.14,227,9,400,0.154,0.077,6
40,0.575,3.0,2.8,2.3,4.1,7.7,358,0.5870000000000001,0.298,533,1.08,0.49,0.21,0.23,-248,-7,-14,0.075,0.1,10
28,0.5,2.4,2.3,3.1,5.0,8.7,385,0.5429999999999999,0.254,469,0.95,0.35,0.25,0.19,-73,5,-101,0.107,0.036000000000000004,2
29,0.10300000000000001,2.1,2.3,3.1,4.1,7.5,349,0.684,0.307,538,0.74,0.38,0.11,0.15,-608,-8,-88,0.10300000000000001,0.034,5
16,0.625,4.6,1.8,1.5,5.1,7.8,362,0.655,0.228,383,1.09,0.54,0.17,0.26,-186,-9,-161,0.188,0.063,2
36,0.41700000000000004,2.6,2.9,2.8,4.4,8.3,380,0.6409999999999999,0.281,503,1.22,0.58,0.24,0.29,44,2,-93,0.16699999999999998,0.111,12
45,0.556,6.0,5.0,2.0,7.2,8.4,417,0.7390000000000001,0.29,590,0.94,0.41,0.17,0.16,313,0,-252,0.044000000000000004,0.0,0
60,0.583,4.3,3.6,2.1,5.4,8.7,400,0.647,0.275,505,0.92,0.36,0.16,0.19,65,1,98,0.217,0.067,20
72,0.75,4.7,4.5,2.2,5.9,8.9,434,0.652,0.273,584,0.99,0.46,0.15,0.19,331,6,237,0.16699999999999998,0.083,28
51,0.529,3.9,3.0,2.1,5.5,8.6,393,0.684,0.264,494,1.11,0.45,0.21,0.22,-33,-2,-64,0.235,0.078,12
43,0.605,3.5,2.3,2.3,5.8,7.5,356,0.6559999999999999,0.22,416,1.07,0.48,0.19,0.2,-485,-17,-184,0.233,0.09300000000000001,0
19,0.42100000000000004,4.6,3.2,1.8,5.3,8.8,390,0.677,0.29100000000000004,488,0.86,0.37,0.19,0.15,179,9,286,0.105,0.0,2
2,0.5,1.1,1.0,4.0,3.5,6.8,314,0.419,0.16399999999999998,319,0.51,0.3,0.06,0.02,-1166,-32,-700,0.0,0.0,1
32,0.406,4.0,4.1,2.2,4.7,8.5,398,0.627,0.28,541,1.17,0.5,0.19,0.21,165,1,128,0.188,0.063,9
18,0.444,5.1,4.0,1.7,4.8,7.5,367,0.6,0.243,421,0.89,0.36,0.17,0.12,-387,-8,132,0.055999999999999994,0.16699999999999998,7
14,0.7140000000000001,5.0,4.2,2.4,7.6,8.4,419,0.619,0.298,632,0.92,0.41,0.12,0.16,353,2,134,0.214,0.071,8
12,0.083,1.7,2.9,3.7,3.2,7.1,343,0.61,0.23,368,0.82,0.38,0.11,0.13,-730,-15,-409,0.083,0.0,3
95,0.684,5.0,5.8,2.4,6.2,8.6,442,0.6559999999999999,0.268,579,1.24,0.47,0.22,0.2,717,8,336,0.337,0.07400000000000001,80
42,0.405,3.2,3.9,2.8,5.1,7.5,376,0.649,0.24,495,1.06,0.39,0.24,0.17,-316,-14,-376,0.23800000000000002,0.0,18
111,0.5770000000000001,4.8,3.8,2.3,7.0,8.5,416,0.7509999999999999,0.28600000000000003,527,1.18,0.44,0.21,0.14,-138,-4,-136,0.162,0.027000000000000003,6
52,0.365,2.8,2.0,2.0,3.7,8.4,373,0.633,0.26,405,1.06,0.5,0.25,0.23,-164,-3,-137,0.17300000000000001,0.154,6
52,0.5579999999999999,3.9,4.3,2.5,5.3,8.6,418,0.632,0.267,535,1.1,0.43,0.25,0.22,470,8,218,0.231,0.038,24
10,0.9,6.2,5.1,1.9,6.6,9.0,460,0.66,0.332,745,1.1,0.44,0.22,0.16,882,13,562,0.3,0.1,12
9,0.222,3.2,2.6,2.0,3.8,8.2,357,0.7609999999999999,0.239,400,0.74,0.42,0.13,0.17,-194,4,-91,0.111,0.0,3
35,0.371,2.5,2.6,2.3,3.3,8.7,382,0.67,0.273,440,1.17,0.48,0.23,0.23,-9,-1,-79,0.2,0.086,9
1,1.0,12.5,8.0,2.0,17.0,8.6,485,0.7140000000000001,0.244,768,1.46,0.2,0.71,0.17,704,-1,1142,1.0,0.0,1
28,0.28600000000000003,2.6,2.2,1.9,2.9,8.7,370,0.623,0.305,466,1.03,0.43,0.22,0.17,-141,1,-122,0.071,0.071,3
48,0.5,4.2,3.8,2.1,5.1,8.0,392,0.682,0.249,447,1.05,0.42,0.21,0.22,200,-3,-37,0.25,0.042,13
59,0.542,3.1,4.0,3.0,5.4,7.5,381,0.626,0.212,428,0.85,0.36,0.12,0.14,-707,-24,-554,0.22,0.11900000000000001,19
19,0.632,3.0,3.9,3.4,6.2,7.6,389,0.62,0.257,524,0.91,0.43,0.14,0.14,442,11,264,0.368,0.158,11
1,1.0,1.5,3.0,4.0,3.0,6.6,371,0.4,0.163,353,1.09,0.57,0.08,0.29,-571,-12,-692,0.0,0.0,0
19,0.42100000000000004,3.7,2.8,2.6,6.9,6.8,343,0.7120000000000001,0.177,324,0.98,0.35,0.2,0.18,-591,-17,-482,0.263,0.053,6
50,0.6,3.8,3.7,2.4,5.2,8.5,395,0.64,0.271,515,1.07,0.54,0.18,0.3,-259,-6,-163,0.18,0.1,15
18,0.444,4.1,3.0,2.1,5.4,7.8,365,0.619,0.24600000000000002,442,1.25,0.51,0.18,0.26,-67,-3,-178,0.33299999999999996,0.055999999999999994,4
50,0.48,4.6,3.7,1.8,4.6,8.9,408,0.6940000000000001,0.293,532,1.16,0.52,0.24,0.21,134,2,73,0.18,0.08,13
98,0.612,5.0,2.8,1.7,5.4,9.0,406,0.6759999999999999,0.262,468,1.25,0.53,0.27,0.22,202,3,121,0.235,0.092,15
40,0.45,2.9,2.9,2.4,3.9,8.6,393,0.6459999999999999,0.27899999999999997,474,0.99,0.38,0.21,0.2,-80,-0,40,0.25,0.05,6
66,0.485,2.7,2.1,2.2,3.7,8.5,372,0.51,0.21100000000000002,391,1.01,0.45,0.17,0.23,-62,1,-78,0.091,0.061,7
22,0.364,3.7,2.5,1.9,4.6,8.5,370,0.616,0.268,439,0.79,0.29,0.18,0.16,-76,0,32,0.273,0.182,3
12,0.25,1.4,4.5,5.5,3.3,9.2,442,0.6459999999999999,0.353,693,1.13,0.42,0.25,0.16,510,11,108,0.33299999999999996,0.16699999999999998,16
52,0.462,3.7,3.2,2.2,5.0,8.2,387,0.684,0.264,490,1.33,0.5,0.26,0.21,-12,-4,92,0.192,0.0,19
98,0.52,3.7,2.5,2.2,5.7,7.8,363,0.653,0.228,412,1.02,0.46,0.21,0.23,-224,-8,-247,0.235,0.051,15
89,0.449,3.9,3.4,2.1,4.9,8.1,384,0.726,0.287,541,1,0.45,0.24,0.15,141,1,-112,0.079,0.045,5
57,0.509,2.8,3.6,3.0,4.9,8.4,395,0.6659999999999999,0.255,460,0.99,0.46,0.22,0.19,54,5,105,0.07,0.0,0
69,0.522,4.6,4.4,2.2,5.6,8.4,407,0.662,0.27,529,0.97,0.48,0.15,0.26,112,3,68,0.203,0.013999999999999999,58
38,0.395,4.8,2.5,1.5,4.9,8.7,384,0.745,0.287,485,1.02,0.46,0.22,0.21,28,2,40,0.237,0.053,8
45,0.33299999999999996,2.3,2.6,3.8,6.1,6.9,350,0.6509999999999999,0.21100000000000002,426,1.02,0.44,0.18,0.2,-814,-16,-487,0.133,0.08900000000000001,9
16,0.375,2.9,3.1,2.4,3.8,7.8,363,0.7759999999999999,0.335,522,1.14,0.5,0.24,0.17,35,-0,43,0.25,0.125,3
47,0.34,1.8,1.8,3.6,4.9,8.2,364,0.64,0.261,438,0.96,0.4,0.23,0.16,-43,3,2,0.106,0.27699999999999997,2
2,0.0,1.3,2.5,3.5,2.0,8.1,374,0.675,0.179,299,1.07,0.44,0.16,0.18,-432,-26,-376,0.0,0.0,0
4,0.75,12.6,9.0,1.3,6.8,8.3,479,0.747,0.33299999999999996,713,1.25,0.51,0.22,0.19,1142,-6,244,0.25,0.0,6
16,0.5,2.7,2.4,2.3,3.8,7.4,352,0.441,0.193,321,0.88,0.38,0.13,0.15,-21,-3,231,0.25,0.188,7
2,0.0,1.4,1.0,4.0,4.5,8.5,381,0.43799999999999994,0.201,301,0.67,0.43,0.18,0.12,-964,-18,-670,0.0,0.0,0
31,0.29,2.9,2.1,2.2,4.2,8.4,372,0.745,0.266,400,1.15,0.57,0.21,0.26,262,7,243,0.226,0.09699999999999999,5
3,0.0,1.0,1.0,4.0,3.0,7.3,317,0.6829999999999999,0.174,296,0.86,0.48,0.17,0.17,101,-4,77,0.0,0.0,1
49,0.429,2.9,3.3,2.5,3.9,8.2,380,0.611,0.252,426,0.87,0.38,0.15,0.17,-423,-10,-327,0.122,0.102,18
38,0.5529999999999999,2.9,3.3,3.2,5.9,8.4,396,0.675,0.255,505,1.11,0.43,0.17,0.15,19,-3,-212,0.263,0.158,17
37,0.324,3.0,2.4,2.5,5.1,8.5,377,0.6829999999999999,0.23800000000000002,436,1.15,0.44,0.27,0.28,-61,3,57,0.10800000000000001,0.081,4
15,0.2,3.1,3.4,2.1,3.1,8.6,387,0.5529999999999999,0.244,436,0.82,0.4,0.16,0.17,-375,-3,-458,0.133,0.0,5
47,0.532,3.4,3.8,2.9,6.3,7.8,385,0.649,0.25,518,1.19,0.56,0.22,0.27,-146,3,77,0.128,0.128,13
41,0.415,2.5,2.6,2.7,4.3,8.2,377,0.6579999999999999,0.265,485,1.21,0.55,0.23,0.22,-153,0,-113,0.22,0.146,7
8,0.5,3.2,4.3,2.6,4.1,7.9,383,0.7040000000000001,0.268,520,1.45,0.57,0.21,0.26,-404,-5,-260,0.0,0.25,0
30,0.16699999999999998,1.7,2.9,4.1,3.9,8.7,384,0.66,0.317,499,0.93,0.44,0.15,0.19,-465,2,-182,0.1,0.233,5
5,0.4,2.6,4.8,3.8,5.0,8.3,399,0.695,0.295,569,0.81,0.35,0.12,0.12,204,9,-249,0.4,0.0,3
67,0.597,3.9,3.4,2.2,5.3,8.8,402,0.64,0.259,478,1.05,0.44,0.21,0.2,272,9,149,0.209,0.075,26
8,0.625,2.8,2.9,2.6,4.4,8.5,383,0.569,0.205,395,0.96,0.45,0.16,0.21,44,-3,-120,0.25,0.0,1
5,0.4,2.6,1.6,2.8,5.8,7.2,330,0.527,0.196,350,0.96,0.41,0.27,0.2,-1029,-30,-642,0.6,0.0,0
1,0.0,1.5,2.0,2.0,1.0,8.3,344,0.429,0.212,288,0.63,0.33,0.11,0.04,-1166,-20,-528,0.0,0.0,1
30,0.6,4.0,5.2,2.5,4.9,9.0,427,0.6709999999999999,0.304,606,1.04,0.37,0.23,0.2,442,8,264,0.33299999999999996,0.033,17
27,0.444,3.0,3.9,2.8,4.5,8.7,411,0.653,0.31,569,1.17,0.46,0.22,0.19,86,-1,-79,0.111,0.07400000000000001,14
12,0.16699999999999998,1.4,2.8,4.7,3.6,7.2,346,0.583,0.265,486,0.7,0.32,0.1,0.08,-690,-3,-260,0.0,0.083,1
31,0.5479999999999999,3.6,4.2,3.0,6.5,8.4,406,0.648,0.27899999999999997,569,0.9,0.37,0.14,0.13,325,8,-25,0.258,0.09699999999999999,16
69,0.507,2.8,3.4,3.2,5.5,8.8,411,0.644,0.278,534,0.98,0.44,0.18,0.15,26,3,42,0.23199999999999998,0.13,25
2,0.0,0.3,0.5,3.5,0.5,7.2,295,0.20800000000000002,0.158,199,0.69,0.48,0.08,0.26,-618,-4,-300,0.0,0.5,0
48,0.41700000000000004,4.2,2.3,1.8,5.2,8.2,375,0.705,0.254,457,1.14,0.55,0.22,0.26,-190,-11,-344,0.271,0.083,7
38,0.368,2.9,2.9,2.4,4.1,8.0,372,0.7190000000000001,0.304,507,1.11,0.52,0.16,0.21,-184,-7,-127,0.184,0.105,12
12,0.25,2.5,4.3,3.8,5.5,7.7,390,0.645,0.26899999999999996,520,0.96,0.34,0.16,0.08,324,-1,317,0.25,0.083,13
6,0.5,3.4,2.8,2.3,5.2,7.2,359,0.7440000000000001,0.175,332,1.09,0.52,0.15,0.29,-704,-16,-373,0.33299999999999996,0.0,1
1,0.0,1.2,1.0,5.0,5.0,5.7,316,0.545,0.17800000000000002,315,0.77,0.41,0.03,0.12,-3731,-45,-2836,0.0,0.0,0
18,0.222,1.7,1.9,2.9,3.1,8.3,371,0.626,0.266,428,1.03,0.41,0.23,0.16,-264,-3,-192,0.111,0.222,7
60,0.6,5.5,3.4,1.6,5.1,9.1,416,0.706,0.278,498,0.98,0.37,0.2,0.16,192,6,204,0.16699999999999998,0.05,18
5,0.4,1.7,3.6,4.6,4.2,7.0,357,0.547,0.222,427,0.75,0.41,0.12,0.18,-352,-16,-523,0.4,0.0,5
20,0.15,1.7,2.4,3.6,3.8,8.2,365,0.625,0.264,422,1.04,0.54,0.17,0.25,-203,-3,-206,0.1,0.15,3
24,0.542,2.7,3.0,3.0,5.0,7.1,348,0.6409999999999999,0.237,431,1.17,0.52,0.24,0.2,-404,-10,-37,0.125,0.20800000000000002,4
41,0.512,2.8,3.3,2.7,4.2,9.0,413,0.682,0.266,503,0.92,0.44,0.14,0.18,140,2,188,0.39,0.122,21
21,0.524,3.5,3.0,2.2,4.7,8.3,388,0.6779999999999999,0.25,417,1.01,0.42,0.18,0.17,-399,-8,-45,0.19,0.048,8
36,0.361,2.3,3.0,3.3,4.6,7.8,370,0.636,0.24100000000000002,422,0.99,0.49,0.15,0.21,-428,-6,-395,0.16699999999999998,0.111,4
5,0.0,1.7,2.2,2.2,1.6,7.6,334,0.696,0.265,398,0.81,0.36,0.08,0.13,-750,-19,-494,0.4,0.0,4
6,0.16699999999999998,2.1,4.0,4.5,5.7,8.7,414,0.5760000000000001,0.322,721,0.92,0.39,0.18,0.12,305,7,-128,0.16699999999999998,0.16699999999999998,4
96,0.6559999999999999,3.8,3.3,2.6,6.5,8.5,401,0.625,0.251,494,1.11,0.43,0.24,0.2,-5,3,44,0.188,0.073,31
18,0.33299999999999996,1.5,2.1,3.8,3.8,6.8,321,0.502,0.20600000000000002,327,0.89,0.47,0.11,0.28,-533,-13,-352,0.16699999999999998,0.222,0
4,0.25,1.1,1.8,5.3,4.3,6.2,316,0.5489999999999999,0.23,361,0.89,0.41,0.11,0.15,-1355,-33,-1297,0.0,0.0,0
26,0.192,2.3,2.1,2.5,3.8,8.3,357,0.595,0.251,447,1.18,0.59,0.24,0.28,-219,-5,-292,0.115,0.077,3
1,0.0,1.2,1.0,6.0,6.0,4.5,255,0.5379999999999999,0.11800000000000001,246,0.85,0.48,0.19,0.26,-1567,-51,-850,0.0,0.0,0
4,0.5,2.7,3.3,2.5,3.5,7.9,376,0.7509999999999999,0.253,434,1.01,0.52,0.16,0.21,-471,-7,-286,0.25,0.0,2
28,0.25,1.5,2.8,4.4,3.8,7.8,356,0.637,0.27699999999999997,450,1.07,0.49,0.21,0.27,-361,-10,-566,0.321,0.107,15
20,0.65,4.5,3.2,1.7,4.6,8.5,395,0.644,0.217,421,1.09,0.44,0.22,0.2,-249,-2,-124,0.1,0.05,2
1,0.0,0.5,2.0,4.0,0.0,8.0,343,0.4,0.14300000000000002,199,0.99,0.3,0.23,0.17,121,2,6,0.0,0.0,0
17,0.41200000000000003,1.5,2.5,4.7,4.6,7.2,353,0.593,0.258,496,1.35,0.53,0.25,0.25,-626,-8,-325,0.11800000000000001,0.294,8
129,0.667,6.0,5.0,1.9,6.1,8.9,433,0.731,0.28300000000000003,599,1.11,0.34,0.27,0.15,427,9,307,0.11599999999999999,0.023,30
44,0.636,5.4,3.9,2.1,7.3,8.9,420,0.7020000000000001,0.258,547,0.88,0.36,0.19,0.14,365,3,192,0.22699999999999998,0.114,8
18,0.444,3.9,2.2,1.9,5.3,8.5,378,0.589,0.23,391,1.13,0.47,0.21,0.24,32,6,408,0.16699999999999998,0.0,2
34,0.265,3.7,4.7,2.5,4.6,8.2,396,0.706,0.275,513,1.3,0.58,0.22,0.29,12,-3,10,0.20600000000000002,0.11800000000000001,18
6,0.0,1.1,1.0,3.2,2.5,8.0,340,0.518,0.29,491,0.95,0.37,0.18,0.12,-797,-6,-162,0.16699999999999998,0.33299999999999996,0
26,0.5,3.9,3.8,2.5,6.0,7.9,378,0.6990000000000001,0.27,494,1.04,0.46,0.14,0.18,-385,-8,-318,0.115,0.154,7
22,0.455,5.6,3.7,1.4,4.2,8.8,399,0.685,0.28800000000000003,464,1.07,0.45,0.21,0.21,93,-4,36,0.22699999999999998,0.091,4
1,0.0,0.6,3.0,7.0,1.0,6.3,363,0.8,0.243,293,0.79,0.51,0.14,0.31,-978,-17,-784,0.0,1.0,1
91,0.527,4.4,3.2,1.8,4.8,8.7,398,0.6509999999999999,0.262,475,1.25,0.52,0.29,0.25,97,6,-18,0.14300000000000002,0.08800000000000001,21
35,0.371,2.6,4.8,3.9,5.3,7.6,388,0.624,0.281,568,0.87,0.35,0.19,0.19,-12,-7,-149,0.2,0.057,30
5,0.4,3.2,3.6,2.4,4.0,7.0,355,0.474,0.22699999999999998,394,0.85,0.38,0.2,0.22,116,6,41,0.2,0.0,0
24,0.542,3.6,3.3,2.1,4.4,8.7,397,0.602,0.276,544,0.97,0.5,0.1,0.19,54,-0,-149,0.083,0.0,15
61,0.525,4.3,3.7,1.8,4.0,9.1,414,0.642,0.281,482,0.86,0.35,0.17,0.1,262,6,178,0.19699999999999998,0.066,17
2,0.5,6.0,1.5,1.0,4.5,8.4,351,0.353,0.271,385,0.93,0.45,0.16,0.18,-710,-21,-482,0.0,0.0,0
20,0.15,2.0,1.8,2.8,3.6,7.9,348,0.644,0.264,455,1.03,0.48,0.23,0.24,-406,-9,-188,0.05,0.05,0
15,0.2,1.9,2.2,3.3,4.1,8.0,353,0.6920000000000001,0.237,401,0.9,0.46,0.13,0.21,-437,-9,-254,0.133,0.0,1
1,0.0,0.1,0.0,7.0,1.0,8.5,314,0.16699999999999998,0.183,332,0.45,0.35,0.17,0.14,-572,22,-60,0.0,0.0,0
24,0.583,4.1,3.3,1.9,4.5,9.1,410,0.6809999999999999,0.302,530,1.28,0.45,0.3,0.21,459,7,311,0.20800000000000002,0.0,7
85,0.6709999999999999,3.7,5.3,2.8,5.0,9.1,445,0.6409999999999999,0.27399999999999997,581,0.89,0.32,0.14,0.11,635,16,587,0.259,0.11800000000000001,66
1,0.0,0.0,0.0,2.0,0.0,8.4,321,0.0,0.18,271,0.58,0.39,0.04,0.19,-642,-21,-695,0.0,0.0,0
21,0.19,1.4,2.0,3.5,2.8,6.7,330,0.514,0.235,362,0.84,0.39,0.12,0.13,-775,-15,-567,0.14300000000000002,0.19,6
12,0.25,2.0,3.8,3.8,3.8,8.4,388,0.5529999999999999,0.26,522,1.1,0.45,0.19,0.14,-475,-15,-614,0.16699999999999998,0.083,5
41,0.366,4.4,3.0,1.8,4.7,9.2,408,0.695,0.28600000000000003,515,1.28,0.56,0.25,0.27,-19,3,25,0.195,0.049,11
12,0.583,3.2,4.5,3.2,5.5,9.3,424,0.593,0.295,644,0.84,0.35,0.18,0.1,19,6,-29,0.083,0.16699999999999998,2
30,0.4,2.8,3.3,3.0,5.3,7.5,363,0.716,0.248,417,1.17,0.54,0.21,0.25,-115,-3,-172,0.3,0.133,8
81,0.37,3.7,2.9,2.1,4.7,7.9,370,0.682,0.276,502,0.98,0.5,0.2,0.18,-175,-3,-209,0.07400000000000001,0.0,8
11,0.636,3.2,3.9,3.0,5.5,8.1,400,0.578,0.28,552,0.98,0.42,0.2,0.1,317,7,-8,0.182,0.091,3
1,1.0,6.5,2.0,2.0,11.0,5.9,349,0.684,0.335,901,0.84,0.44,0.1,0.15,-463,-34,-260,0.0,0.0,0
27,0.519,3.5,2.7,2.1,4.4,9.1,403,0.667,0.289,509,1.22,0.33,0.35,0.12,268,7,271,0.185,0.0,12
84,0.667,5.7,3.9,1.8,6.5,8.2,405,0.638,0.262,546,0.91,0.41,0.15,0.16,327,1,186,0.23800000000000002,0.048,19
1,1.0,6.0,10.0,3.0,8.0,7.0,423,0.643,0.35,978,1.53,0.5,0.08,0.13,-1208,-29,-830,0.0,1.0,2
7,0.429,2.3,4.0,3.7,4.6,8.3,392,0.6709999999999999,0.272,469,0.66,0.39,0.06,0.15,48,-12,-208,0.14300000000000002,0.14300000000000002,2
51,0.235,1.9,2.4,3.0,3.5,8.2,366,0.684,0.251,413,1.09,0.5,0.26,0.23,-378,-8,-366,0.314,0.059000000000000004,17
1,0.0,3.0,2.0,3.0,7.0,7.8,344,0.75,0.152,317,0.74,0.37,0.09,0.26,124,-7,-76,0.0,0.0,0
18,0.389,4.0,3.1,1.9,4.4,9.5,415,0.693,0.29100000000000004,471,1.27,0.51,0.28,0.24,-254,-6,-26,0.16699999999999998,0.16699999999999998,1
47,0.426,3.7,4.3,2.5,5.1,8.8,413,0.735,0.301,591,1.17,0.46,0.26,0.16,-93,-4,61,0.255,0.149,22
20,0.45,2.9,3.8,3.0,4.9,7.7,369,0.597,0.24600000000000002,434,0.83,0.37,0.16,0.18,-156,-11,-232,0.25,0.0,4
28,0.25,2.0,2.2,3.1,4.1,8.3,365,0.5820000000000001,0.235,394,0.96,0.52,0.18,0.25,-547,-13,-305,0.214,0.071,6
83,0.6629999999999999,4.5,3.5,2.0,5.3,8.8,413,0.65,0.29,568,0.97,0.39,0.23,0.14,340,11,400,0.145,0.096,19
70,0.457,2.9,3.0,2.8,4.9,7.7,373,0.679,0.285,483,0.86,0.32,0.17,0.16,28,-4,-69,0.243,0.043,10
2,0.0,0.3,0.5,4.0,0.5,6.9,294,0.16699999999999998,0.155,220,0.85,0.46,0.18,0.26,-987,-12,24,0.0,0.0,0
20,0.35,2.4,2.8,3.1,4.5,8.1,369,0.685,0.26899999999999996,463,1.1,0.3,0.31,0.13,-222,-3,62,0.05,0.2,4
45,0.444,2.8,4.3,3.1,4.5,7.9,395,0.623,0.24600000000000002,491,0.84,0.34,0.16,0.17,-10,-2,-44,0.2,0.08900000000000001,16
38,0.42100000000000004,4.4,3.6,1.7,4.1,9.4,427,0.625,0.262,460,1.17,0.44,0.28,0.19,117,0,264,0.263,0.026000000000000002,9
45,0.37799999999999995,3.2,2.6,2.2,4.4,8.0,365,0.551,0.255,458,1.01,0.5,0.15,0.21,-258,4,77,0.067,0.067,15
68,0.588,3.6,3.0,2.2,4.9,9.1,416,0.5670000000000001,0.24600000000000002,466,1,0.37,0.21,0.16,-86,1,19,0.132,0.11800000000000001,14
48,0.563,3.9,3.4,2.6,6.8,7.2,367,0.684,0.19899999999999998,378,1.01,0.49,0.15,0.25,-379,-17,-363,0.396,0.042,1
27,0.48100000000000004,2.9,3.1,2.8,4.9,7.5,369,0.626,0.231,405,1.05,0.42,0.16,0.16,-17,-5,-2,0.111,0.111,9
18,0.556,3.2,3.8,2.8,5.1,9.0,419,0.525,0.285,617,1.07,0.49,0.19,0.22,350,13,394,0.16699999999999998,0.055999999999999994,14
57,0.772,6.1,3.5,1.8,7.6,7.8,394,0.7240000000000001,0.25,519,1.01,0.47,0.15,0.17,170,-5,19,0.33299999999999996,0.035,14
102,0.578,3.1,3.9,3.0,5.3,8.8,411,0.621,0.259,552,1.11,0.42,0.16,0.17,22,7,96,0.127,0.127,43
57,0.526,3.6,3.7,2.5,5.4,7.7,374,0.594,0.254,484,1.19,0.49,0.21,0.17,-98,-2,-48,0.12300000000000001,0.105,38
56,0.804,5.4,6.1,2.3,6.2,8.9,459,0.6559999999999999,0.308,697,1.03,0.39,0.24,0.13,825,10,459,0.321,0.125,39
1,0.0,0.5,1.0,4.0,1.0,6.9,294,0.33299999999999996,0.22399999999999998,329,0.84,0.47,0.07,0.18,-1366,-7,-714,0.0,0.0,1
48,0.5,3.4,2.7,2.3,5.1,8.0,375,0.6629999999999999,0.237,445,1.01,0.44,0.19,0.18,-180,-4,81,0.16699999999999998,0.042,7
11,0.182,1.6,2.3,4.5,5.1,6.6,336,0.552,0.21100000000000002,352,0.75,0.4,0.08,0.15,-1301,-27,-800,0.182,0.182,3
21,0.47600000000000003,2.3,3.8,3.7,4.8,8.3,395,0.5710000000000001,0.292,537,0.86,0.32,0.16,0.09,-478,-12,-434,0.048,0.0,14
3,1.0,5.2,3.0,2.0,7.3,8.5,399,0.511,0.172,382,0.94,0.48,0.17,0.21,193,12,341,0.0,0.0,0
61,0.24600000000000002,2.1,3.2,3.9,5.1,8.5,399,0.631,0.284,529,1.05,0.48,0.21,0.21,50,-0,4,0.115,0.18,26
66,0.5,4.2,3.1,2.3,6.5,8.7,388,0.662,0.233,417,1.33,0.62,0.21,0.28,-208,0,-122,0.136,0.03,12
50,0.78,6.1,5.3,1.9,6.6,8.5,428,0.6729999999999999,0.282,568,1.18,0.48,0.2,0.18,343,6,220,0.22,0.06,27
3,1.0,3.0,1.7,2.0,4.3,8.7,399,0.524,0.21899999999999997,517,1.15,0.47,0.32,0.17,-57,3,-897,0.0,0.33299999999999996,0
10,0.2,2.8,5.0,3.5,4.8,7.2,369,0.6859999999999999,0.294,640,1.18,0.56,0.2,0.22,-96,-8,-206,0.3,0.0,5
12,0.33299999999999996,3.4,4.2,3.1,6.3,8.2,402,0.623,0.225,422,0.83,0.32,0.1,0.12,-432,-9,-187,0.0,0.083,6
18,0.389,2.6,1.8,2.5,4.7,7.8,357,0.6729999999999999,0.242,367,0.92,0.42,0.17,0.22,-382,-14,-576,0.16699999999999998,0.055999999999999994,1
14,0.214,1.7,1.8,3.8,4.5,6.9,325,0.5,0.198,358,0.75,0.34,0.11,0.13,-669,-7,-319,0.14300000000000002,0.214,2
34,0.765,4.6,5.0,2.6,6.9,8.5,430,0.628,0.26899999999999996,623,1.09,0.46,0.22,0.16,332,3,195,0.265,0.028999999999999998,7
25,0.64,5.1,4.5,2.0,6.0,7.7,393,0.648,0.282,549,1.07,0.47,0.21,0.2,303,6,92,0.28,0.04,11
42,0.7859999999999999,3.7,4.5,2.7,5.8,8.3,420,0.637,0.248,509,0.94,0.41,0.14,0.18,84,4,166,0.19,0.11900000000000001,21
2,0.5,3.1,4.0,3.5,7.0,9.8,452,0.72,0.37200000000000005,754,1.01,0.4,0.27,0.11,469,18,-364,0.0,0.0,1
13,0.308,3.3,2.5,1.8,3.5,7.8,359,0.529,0.23199999999999998,397,1.12,0.48,0.21,0.26,-243,-3,-179,0.077,0.0,5
14,0.14300000000000002,1.4,2.4,4.5,4.1,6.7,326,0.65,0.17600000000000002,298,0.99,0.43,0.26,0.17,-964,-19,-447,0.214,0.071,3
44,0.545,3.9,2.6,1.9,4.7,8.4,384,0.679,0.3,557,1.24,0.45,0.31,0.21,244,10,200,0.159,0.068,6
23,0.7390000000000001,5.2,3.1,1.7,5.5,8.2,381,0.629,0.264,511,1.39,0.54,0.22,0.23,-243,-6,-265,0.087,0.087,5
29,0.276,2.5,2.7,2.9,4.6,9.1,398,0.675,0.266,481,0.95,0.42,0.2,0.15,-156,4,-15,0.276,0.138,7
1,0.0,0.0,0.0,3.0,0.0,6.9,307,0.0,0.161,218,0.9,0.5,0.23,0.18,-2033,-37,-1237,0.0,0.0,0
6,0.33299999999999996,3.5,2.8,3.2,8.2,7.4,357,0.599,0.22,518,1.01,0.47,0.2,0.2,-265,-6,253,0.33299999999999996,0.16699999999999998,2
81,0.568,4.8,4.1,1.9,5.1,9.3,421,0.708,0.319,588,1.11,0.44,0.24,0.15,189,6,165,0.222,0.049,19
77,0.7140000000000001,4.6,4.3,2.2,5.8,8.4,411,0.6990000000000001,0.273,581,1.13,0.39,0.24,0.15,117,2,123,0.247,0.10400000000000001,27
3,0.33299999999999996,2.0,2.0,2.7,3.3,9.0,373,0.737,0.306,478,0.79,0.38,0.18,0.19,-1794,1,-681,0.0,0.0,0
59,0.45799999999999996,4.0,4.5,2.5,5.4,8.3,400,0.631,0.252,525,0.87,0.35,0.14,0.15,-114,3,54,0.22,0.051,26
14,0.14300000000000002,1.1,1.7,3.9,2.6,7.7,333,0.506,0.218,313,0.75,0.4,0.1,0.15,-865,-9,-696,0.071,0.071,2
24,0.45799999999999996,2.5,3.7,3.5,5.1,8.7,417,0.551,0.249,496,1.1,0.45,0.18,0.18,-56,-1,-148,0.16699999999999998,0.20800000000000002,8
3,0.33299999999999996,3.5,2.7,2.7,6.7,5.1,296,0.733,0.166,335,0.74,0.46,0.14,0.23,-1647,-39,-1483,0.33299999999999996,0.0,2
41,0.659,4.3,4.5,2.6,6.8,8.2,412,0.74,0.289,595,1.23,0.53,0.24,0.19,181,5,180,0.244,0.122,20
14,0.28600000000000003,2.9,1.9,2.1,4.4,7.6,342,0.7040000000000001,0.23800000000000002,391,0.97,0.44,0.21,0.23,-184,-5,-270,0.35700000000000004,0.071,3
86,0.7090000000000001,4.9,5.2,2.4,6.7,8.5,428,0.65,0.28300000000000003,604,1.08,0.39,0.2,0.16,337,9,219,0.209,0.035,54
28,0.28600000000000003,2.2,2.4,3.0,4.3,7.5,352,0.611,0.268,411,0.78,0.38,0.12,0.15,-526,-7,-178,0.179,0.107,4
6,0.0,0.9,1.0,4.2,2.7,7.7,339,0.341,0.21,448,1.01,0.42,0.14,0.21,-755,-6,-240,0.0,0.0,1
36,0.222,2.2,2.6,2.9,3.9,8.2,374,0.736,0.266,379,1.05,0.49,0.22,0.28,-283,-2,-111,0.278,0.055999999999999994,7
44,0.364,3.0,3.5,3.1,5.7,8.0,387,0.693,0.278,531,0.94,0.43,0.18,0.17,-246,-4,2,0.25,0.136,7
14,0.28600000000000003,3.3,2.9,2.4,4.8,9.0,391,0.679,0.29,477,1,0.44,0.16,0.16,-409,-4,-238,0.0,0.0,1
1,0.0,2.0,6.0,5.0,4.0,5.8,379,0.769,0.249,461,0.86,0.38,0.06,0.19,876,-17,328,1.0,0.0,1
39,0.256,1.7,2.3,3.5,3.8,7.4,351,0.544,0.267,458,0.79,0.34,0.15,0.16,-267,-5,-232,0.179,0.026000000000000002,3
20,0.25,2.8,2.3,2.4,4.3,7.6,351,0.597,0.245,420,1.04,0.51,0.09,0.23,-577,-12,-289,0.05,0.05,1
6,0.33299999999999996,1.7,3.7,4.0,3.0,7.9,364,0.55,0.322,523,0.86,0.39,0.13,0.09,-620,-14,-820,0.0,0.0,2
9,0.0,3.4,1.8,1.7,3.9,8.1,356,0.574,0.251,383,0.87,0.41,0.14,0.18,-669,-6,-31,0.111,0.111,1
37,0.324,2.9,2.8,2.4,4.1,8.3,378,0.6729999999999999,0.26,435,1,0.39,0.25,0.23,-223,-5,-189,0.27,0.054000000000000006,13
50,0.48,5.1,3.7,1.7,4.8,8.8,398,0.695,0.29600000000000004,550,0.91,0.41,0.16,0.14,-100,3,139,0.16,0.04,15
15,0.33299999999999996,3.1,2.5,2.0,3.7,7.8,352,0.493,0.257,397,1,0.41,0.23,0.21,-59,-4,-48,0.267,0.0,0
44,0.636,4.9,5.1,2.5,7.0,9.1,434,0.703,0.278,568,0.92,0.4,0.15,0.17,309,5,166,0.25,0.091,14
102,0.578,3.4,3.5,2.9,6.2,7.8,387,0.685,0.28300000000000003,626,1,0.37,0.23,0.2,76,10,100,0.11800000000000001,0.069,19
12,0.833,4.0,4.9,2.9,6.8,7.8,424,0.637,0.272,558,0.93,0.36,0.07,0.14,364,3,214,0.25,0.083,11
55,0.364,2.6,3.1,3.3,5.7,7.3,360,0.677,0.273,494,1.17,0.44,0.28,0.17,-244,-0,-47,0.091,0.018000000000000002,7
1,0.0,1.0,3.0,5.0,2.0,8.0,393,0.455,0.24,306,0.77,0.13,0.03,0.06,-661,4,-144,0.0,0.0,1
49,0.408,3.2,2.8,2.4,4.7,8.3,375,0.64,0.276,493,0.96,0.43,0.16,0.25,-325,-6,-304,0.184,0.02,5
5,0.4,2.9,3.6,2.6,4.0,8.1,369,0.644,0.272,456,1.48,0.65,0.45,0.3,-61,-8,-344,0.0,0.2,1
11,0.545,3.9,3.5,2.4,5.6,7.2,383,0.621,0.267,475,0.9,0.42,0.09,0.15,-250,-7,-70,0.182,0.0,4
17,0.294,2.6,3.9,3.4,4.7,7.5,370,0.755,0.268,458,0.79,0.36,0.17,0.13,-255,-6,-164,0.17600000000000002,0.11800000000000001,9
59,0.45799999999999996,3.3,3.6,2.7,5.4,8.5,395,0.606,0.248,484,1.24,0.52,0.19,0.25,41,1,-1,0.33899999999999997,0.102,13
1,1.0,12.0,10.0,2.0,14.0,8.6,499,0.857,0.377,1082,0.66,0.4,0.15,0.18,-676,22,441,0.0,0.0,0
6,0.16699999999999998,3.2,3.3,3.3,7.2,7.7,381,0.638,0.24100000000000002,464,1.26,0.44,0.28,0.22,-227,-7,8,0.0,0.0,2
4,0.0,0.8,0.8,4.0,2.3,7.7,335,0.35,0.19,309,0.55,0.3,0.1,0.07,-1117,-18,-414,0.0,0.25,0
74,0.392,2.8,2.6,2.6,4.4,8.7,388,0.643,0.255,469,1.04,0.4,0.23,0.13,-31,1,-1,0.21600000000000003,0.068,14
56,0.5,4.9,5.3,2.2,5.3,9.0,428,0.6940000000000001,0.299,628,1.08,0.4,0.21,0.16,256,9,218,0.196,0.071,22
105,0.5429999999999999,4.7,3.7,2.1,6.3,8.5,407,0.7,0.282,494,1.06,0.4,0.22,0.19,337,2,172,0.14300000000000002,0.038,12
14,0.0,1.9,2.2,3.0,3.4,7.6,347,0.617,0.267,431,0.88,0.43,0.12,0.18,-165,-2,-336,0.071,0.14300000000000002,2
6,0.16699999999999998,1.1,3.8,6.0,3.0,8.2,365,0.5529999999999999,0.304,521,0.95,0.31,0.29,0.19,-362,-10,-484,0.0,0.16699999999999998,3
2,0.5,1.3,0.5,3.0,3.5,6.0,289,0.45,0.156,209,0.88,0.43,0.15,0.2,-990,-23,-960,0.5,0.5,0
48,0.688,5.5,5.2,2.0,5.7,8.1,408,0.659,0.244,501,0.94,0.36,0.17,0.13,-196,-8,-152,0.16699999999999998,0.10400000000000001,15
76,0.632,4.4,4.2,2.0,4.8,8.8,413,0.633,0.271,564,1.07,0.45,0.21,0.17,116,4,57,0.19699999999999998,0.039,38
17,0.235,3.2,3.3,2.5,4.7,8.3,372,0.616,0.295,573,0.92,0.31,0.18,0.13,-72,1,407,0.0,0.11800000000000001,5
13,0.769,7.9,3.2,1.3,7.2,8.1,410,0.622,0.26,504,0.97,0.4,0.13,0.17,477,-4,73,0.308,0.0,2
64,0.516,4.5,3.6,2.0,5.3,8.3,390,0.669,0.28,514,0.97,0.44,0.17,0.2,209,6,86,0.188,0.047,7
115,0.6779999999999999,6.8,3.5,1.4,5.9,8.7,413,0.682,0.253,506,1.16,0.46,0.21,0.2,270,2,82,0.226,0.026000000000000002,21
43,0.535,4.2,4.0,2.2,5.1,9.0,415,0.6579999999999999,0.268,528,1.1,0.37,0.21,0.13,-199,-2,8,0.27899999999999997,0.023,15
8,0.0,1.5,4.1,4.8,3.0,7.3,369,0.693,0.307,574,0.73,0.31,0.16,0.09,-772,-5,-453,0.0,0.125,4
16,0.188,1.7,2.0,3.3,3.6,7.8,346,0.561,0.251,404,1.01,0.46,0.2,0.21,-470,-10,-385,0.313,0.125,4
36,0.139,2.0,2.7,3.0,3.3,8.1,363,0.654,0.252,397,0.93,0.34,0.17,0.06,-212,-7,-139,0.16699999999999998,0.083,14
6,0.5,3.4,3.5,2.3,4.3,8.6,391,0.5710000000000001,0.29,512,1.25,0.4,0.26,0.17,48,8,319,0.0,0.0,0
3,0.0,1.2,3.0,4.7,2.7,7.3,357,0.551,0.23800000000000002,393,1.02,0.51,0.09,0.27,-342,-4,-96,0.33299999999999996,0.0,1
42,0.47600000000000003,3.6,3.3,2.4,5.3,8.2,389,0.6759999999999999,0.26,502,1.08,0.5,0.19,0.25,29,4,115,0.14300000000000002,0.048,7
27,0.444,2.7,2.1,2.3,3.9,9.0,395,0.596,0.237,410,1.02,0.44,0.18,0.19,-143,-3,-160,0.14800000000000002,0.111,7
1,0.0,0.2,0.0,5.0,1.0,3.3,224,1.0,0.03,44,2.35,1.16,0.52,0.4,-2976,-88,-2418,0.0,0.0,0
1,0.0,0.7,1.0,3.0,1.0,8.6,361,0.33299999999999996,0.252,142,0.77,0.28,0.11,0.14,-2332,-44,-1302,0.0,0.0,0
14,0.28600000000000003,2.1,3.1,3.4,4.1,6.7,335,0.6,0.249,416,0.69,0.35,0.11,0.12,-305,-1,76,0.071,0.214,2
73,0.575,4.7,3.5,1.8,5.2,9.1,412,0.688,0.273,493,0.95,0.33,0.21,0.15,291,9,208,0.17800000000000002,0.13699999999999998,24
18,0.667,2.6,3.6,4.0,6.7,8.6,408,0.569,0.21100000000000002,450,0.92,0.25,0.26,0.17,-318,-4,-231,0.0,0.055999999999999994,4
48,0.75,5.8,2.9,1.7,6.8,8.1,387,0.649,0.214,422,1.09,0.5,0.17,0.18,-140,-6,-12,0.25,0.083,3
92,0.522,3.8,3.2,2.6,7.0,7.5,372,0.713,0.218,415,0.87,0.37,0.15,0.18,-428,-11,-334,0.098,0.043,6
47,0.426,3.0,2.7,2.4,4.4,8.5,378,0.6679999999999999,0.259,441,1.13,0.58,0.23,0.32,-114,-4,-93,0.213,0.128,6
6,0.5,2.2,1.5,3.0,5.2,8.7,377,0.505,0.23199999999999998,436,1.25,0.67,0.18,0.39,-590,-4,-58,0.0,0.0,1
51,0.5489999999999999,6.0,3.6,1.6,6.3,8.3,398,0.6759999999999999,0.276,519,1.16,0.54,0.25,0.28,29,1,79,0.255,0.02,16
12,0.083,1.1,1.3,4.7,3.9,7.1,322,0.475,0.203,326,0.93,0.48,0.15,0.3,-976,-14,-766,0.083,0.16699999999999998,0
3,0.667,3.0,3.3,3.7,7.7,6.9,369,0.58,0.231,431,0.99,0.46,0.2,0.25,-530,-7,34,0.33299999999999996,0.0,0
24,0.5,2.5,3.2,3.8,6.2,7.1,361,0.568,0.25,475,0.97,0.41,0.17,0.2,-290,-9,-517,0.083,0.083,6
1,0.0,1.0,1.0,4.0,3.0,6.9,302,0.5710000000000001,0.191,300,0.92,0.48,0.11,0.26,-1730,-56,-1945,0.0,0.0,0
29,0.379,2.7,4.3,2.9,3.7,8.6,400,0.642,0.265,494,0.97,0.36,0.18,0.16,-261,-3,-128,0.172,0.069,5
28,0.28600000000000003,2.7,2.6,2.3,3.5,9.1,402,0.738,0.34600000000000003,593,1.09,0.49,0.21,0.16,135,-1,-50,0.28600000000000003,0.071,2
67,0.642,4.6,4.4,2.3,6.0,8.4,409,0.638,0.287,573,1,0.41,0.13,0.16,261,5,155,0.239,0.09,22
36,0.389,2.9,2.6,2.4,4.4,9.1,393,0.669,0.308,515,1.06,0.41,0.25,0.16,15,3,93,0.19399999999999998,0.111,8
44,0.341,2.4,3.1,3.0,4.3,8.5,384,0.675,0.275,468,0.76,0.38,0.11,0.15,-303,-7,-274,0.182,0.045,12
53,0.585,3.9,3.5,2.6,6.8,8.4,395,0.631,0.243,514,0.98,0.43,0.15,0.21,-48,5,99,0.132,0.075,10
2,0.0,1.0,1.0,2.5,1.5,10.2,393,0.341,0.213,293,0.81,0.47,0.13,0.16,-552,4,25,0.0,0.5,0
36,0.16699999999999998,2.0,2.6,3.4,4.3,8.2,369,0.619,0.266,436,0.97,0.41,0.2,0.11,-275,2,33,0.16699999999999998,0.055999999999999994,4
69,0.348,3.0,2.3,2.2,4.2,8.7,375,0.67,0.255,421,1.04,0.43,0.28,0.21,-98,2,-66,0.29,0.11599999999999999,10
48,0.43799999999999994,3.5,2.9,2.3,5.1,8.7,392,0.7090000000000001,0.256,435,0.99,0.41,0.14,0.15,128,8,-64,0.20800000000000002,0.042,5
63,0.6829999999999999,6.8,3.6,1.5,6.5,8.2,394,0.754,0.26899999999999996,509,1.05,0.41,0.22,0.18,220,2,85,0.222,0.095,14
52,0.5,2.7,4.1,3.8,6.2,7.2,377,0.611,0.23800000000000002,519,1.05,0.34,0.17,0.09,-279,-11,-227,0.154,0.231,22
15,0.2,1.2,2.3,4.3,2.9,7.6,342,0.519,0.319,484,0.8,0.36,0.16,0.09,-648,-8,-396,0.133,0.133,8
86,0.64,4.0,4.8,2.7,5.9,8.2,417,0.64,0.254,560,1.09,0.36,0.23,0.16,23,-1,-92,0.18600000000000003,0.057999999999999996,34
20,0.25,1.9,3.2,4.1,4.5,7.6,366,0.589,0.245,443,0.98,0.45,0.17,0.17,-497,-17,-743,0.4,0.15,6
11,0.455,2.3,3.3,3.4,4.4,7.4,360,0.504,0.23399999999999999,429,0.92,0.45,0.12,0.29,-4,-2,-125,0.091,0.182,3
30,0.5329999999999999,3.5,5.1,3.3,6.4,7.2,382,0.701,0.256,550,0.75,0.31,0.16,0.11,247,1,-142,0.16699999999999998,0.233,14
21,0.5710000000000001,3.9,3.7,2.2,5.0,7.6,373,0.635,0.244,446,0.95,0.46,0.17,0.24,67,2,114,0.28600000000000003,0.0,12
31,0.32299999999999995,3.3,3.5,2.4,4.4,8.8,386,0.6990000000000001,0.285,502,1.04,0.36,0.22,0.17,-248,-5,-164,0.226,0.0,14
2,0.0,2.2,4.5,2.5,1.0,7.9,379,0.742,0.23,310,0.65,0.17,0.16,0.1,270,9,652,0.5,0.0,3
28,0.429,3.6,2.8,2.6,6.5,7.2,349,0.687,0.245,419,0.96,0.42,0.18,0.19,-672,-21,-585,0.036000000000000004,0.0,1
39,0.6409999999999999,6.9,4.4,1.4,5.3,8.6,410,0.642,0.262,504,1,0.35,0.21,0.12,442,12,220,0.282,0.051,12
76,0.6970000000000001,3.7,4.7,2.9,6.2,9.1,427,0.6940000000000001,0.311,631,1.19,0.52,0.21,0.21,288,4,71,0.447,0.092,36
50,0.52,3.1,3.9,2.8,4.8,8.8,408,0.621,0.29600000000000004,563,1.01,0.43,0.17,0.16,414,7,272,0.24,0.08,21
31,0.484,3.1,3.1,2.8,5.5,8.2,376,0.649,0.275,546,0.95,0.47,0.13,0.22,-117,-4,-95,0.29,0.032,8
74,0.527,3.9,3.9,2.6,6.2,8.0,394,0.6679999999999999,0.284,555,1.4,0.59,0.25,0.31,28,1,113,0.21600000000000003,0.081,13
124,0.677,5.3,3.6,1.9,6.4,8.3,400,0.6729999999999999,0.249,481,1.1,0.41,0.27,0.16,11,-1,40,0.08900000000000001,0.04,22
75,0.507,4.6,3.4,1.8,4.9,8.6,396,0.6659999999999999,0.28600000000000003,526,1.05,0.5,0.2,0.24,260,10,88,0.22699999999999998,0.067,29
39,0.282,2.6,2.7,2.6,4.1,8.4,378,0.618,0.251,448,1.12,0.46,0.19,0.17,-97,2,34,0.179,0.026000000000000002,12
41,0.488,3.9,3.1,2.2,5.5,9.2,411,0.701,0.287,513,0.98,0.44,0.17,0.2,42,0,-46,0.171,0.049,16
44,0.43200000000000005,5.6,3.7,1.4,4.4,7.7,374,0.675,0.266,479,0.96,0.43,0.18,0.21,127,-1,219,0.205,0.0,15
1,0.0,1.5,4.0,4.0,2.0,7.4,376,0.857,0.395,608,0.95,0.39,0.17,0.06,-1254,-55,-1751,1.0,0.0,3
36,0.528,5.0,4.5,1.8,4.3,9.0,429,0.6779999999999999,0.282,525,1.03,0.41,0.16,0.19,551,10,240,0.278,0.055999999999999994,11
44,0.545,3.8,4.0,2.6,5.7,8.0,392,0.679,0.245,474,0.9,0.36,0.15,0.15,-124,-4,-7,0.159,0.159,10
19,0.368,2.7,4.2,3.2,4.5,8.2,395,0.725,0.27899999999999997,564,1.01,0.41,0.2,0.2,-256,-5,-274,0.263,0.21100000000000002,9
36,0.41700000000000004,3.2,3.9,2.6,4.3,8.2,388,0.6759999999999999,0.276,493,1.34,0.53,0.22,0.19,-108,-2,-85,0.111,0.055999999999999994,12
37,0.324,2.0,2.5,2.9,3.4,8.4,376,0.5820000000000001,0.32,496,1.14,0.64,0.18,0.33,17,2,28,0.162,0.081,14
45,0.511,4.3,3.8,2.3,6.1,7.8,388,0.679,0.257,500,1.13,0.51,0.22,0.25,141,-2,-110,0.222,0.022000000000000002,11
40,0.35,3.0,2.5,2.7,5.7,7.8,375,0.669,0.23,438,0.93,0.38,0.17,0.18,-270,-8,-227,0.25,0.125,4
3,0.33299999999999996,2.1,3.3,4.3,5.7,7.1,356,0.542,0.23600000000000002,388,1.22,0.57,0.1,0.23,-585,-14,-378,0.0,0.0,1
2,0.0,1.8,2.5,3.0,3.0,8.3,369,0.519,0.265,340,1,0.41,0.18,0.12,-350,-4,-18,0.0,0.5,2
83,0.41,2.8,2.9,2.6,4.5,8.4,385,0.64,0.267,473,0.8,0.41,0.14,0.16,-166,2,-100,0.06,0.084,9
2,0.0,2.0,2.0,2.5,3.0,7.8,363,0.618,0.22399999999999998,300,0.84,0.41,0.13,0.09,706,14,370,0.0,0.0,1
19,0.21100000000000002,2.6,2.4,2.9,5.1,8.4,373,0.63,0.247,459,0.83,0.35,0.09,0.15,-640,-7,-351,0.053,0.158,3
80,0.488,4.2,2.2,1.7,4.8,8.2,372,0.672,0.243,422,1.24,0.54,0.29,0.25,-82,-3,83,0.225,0.05,9
4,0.0,1.2,4.0,6.3,3.5,8.1,384,0.5539999999999999,0.322,788,1.03,0.42,0.22,0.16,-1179,-13,-1208,0.0,0.25,3
8,0.375,1.9,2.9,4.3,5.0,7.7,368,0.51,0.237,510,0.83,0.33,0.2,0.1,-407,-1,-144,0.125,0.0,4
19,0.474,3.0,2.5,2.5,4.8,7.7,358,0.662,0.249,408,0.99,0.46,0.21,0.15,-375,-7,-159,0.158,0.21100000000000002,5
25,0.56,3.9,4.6,3.0,7.2,8.4,412,0.685,0.297,626,1,0.38,0.19,0.18,-23,6,122,0.24,0.12,7
53,0.604,7.5,3.4,1.1,5.1,8.4,390,0.655,0.263,464,1.22,0.46,0.27,0.2,166,3,176,0.226,0.019,16
17,0.41200000000000003,2.7,4.2,3.5,5.3,7.5,383,0.659,0.268,510,0.89,0.39,0.15,0.08,-235,-12,-117,0.11800000000000001,0.11800000000000001,8
40,0.425,3.0,3.6,2.6,4.4,8.8,406,0.691,0.272,463,0.99,0.36,0.14,0.14,-48,-3,-69,0.25,0.15,7
6,0.33299999999999996,1.7,3.3,4.8,4.8,7.2,358,0.547,0.253,468,0.97,0.48,0.15,0.21,-465,-10,-335,0.16699999999999998,0.0,0
2,0.0,1.1,0.5,3.5,3.5,7.4,316,0.527,0.213,316,0.75,0.41,0.08,0.13,-220,-8,194,1.0,0.0,0
40,0.55,3.3,3.6,2.5,4.7,8.5,400,0.636,0.289,541,1.16,0.47,0.26,0.21,76,-3,-27,0.225,0.025,16
34,0.41200000000000003,2.3,3.0,3.1,4.2,8.0,367,0.632,0.271,475,0.89,0.41,0.18,0.22,-192,-3,17,0.08800000000000001,0.08800000000000001,6
91,0.5710000000000001,4.1,3.7,2.4,6.0,8.3,401,0.674,0.268,474,1.03,0.38,0.24,0.17,415,5,343,0.077,0.022000000000000002,11
108,0.5,3.7,3.8,2.5,5.5,8.2,401,0.7190000000000001,0.262,479,1.02,0.33,0.23,0.15,195,0,187,0.16699999999999998,0.07400000000000001,18
4,1.0,6.0,8.0,2.5,7.0,7.4,443,0.685,0.26899999999999996,634,0.69,0.36,0.13,0.05,512,1,174,0.25,0.25,3
18,0.222,3.3,3.6,2.7,5.2,8.2,384,0.721,0.261,507,0.98,0.39,0.18,0.15,-244,-5,-360,0.278,0.055999999999999994,2
